web-scraper-order,web-scraper-start-url,item
"1567142626-1946","https://study.baidu.com/tiku","[题目]
不同的地面状况有不同的反射率，根据这个原理，可以利用遥感的工作有（）A判断人口分布B判断水体污染C寻找失踪人士D为商业网点选址题型: 单选题|难度: 一般|使用次数: 0|纠错复制收藏到空间加入选题篮查看答案解析答案：B解析：人口分布只能通过普查来完成；寻找失踪人士可以通过寻人启示的方法来完成；为商业网点选址可以通过地理信息系统完成（交通与人口分布图叠加)。正确答案选B。知识点：
[知识点：]
遥感(RS)在资源普查、环境和灾害监测中的应用,区域可持续发展"
"1567142626-1985","https://study.baidu.com/tiku","[题目]
读2001—2005年广东省三个区域国内生产总值增长率变化图，图中信息反映（   ）A2005年珠江三角洲国内生产总值比2004年少B2001—2005年珠江三角洲国内生产总值增长率的变化在三个区域中最大C2001—2005年北部山区国内生产总值增长率始终高于东西两翼D2001—2005年东西两翼国内生产总值增长率最小的是2001年题型: 单选题|难度: 一般|使用次数: 0|纠错复制收藏到空间加入选题篮查看答案解析答案：C解析：2005年珠江三角洲国内生产总值增长率虽然低于2004年，但仍为正值，所以2005年珠江三角洲国内生产总值比2004年多；2001—2005年东西两翼国内生产总值增长率的变化在三个区域中最大；2001—2005年东西两翼国内生产总值增长率最小的是2002年；而2001—2005年北部山区国内生产总值增长率始终高于东西两翼。故选C。知识点：
[知识点：]
区域工业化和城市化的推进过程产生的问题及解决措施"
"1567142626-1976","https://study.baidu.com/tiku","[题目]
下图为某国工业化、城市化进程示意图。关于该国工业化、城市化进程特点的叙述，正确的是（    ）A城市化与工业化呈同步增长趋势B该国城市化进程与工业化水平不相适应C该国属发展中国家D阶段Ⅲ，该国经济增长主要依靠第三产业题型: 单选题|难度: 一般|使用次数: 0|纠错复制收藏到空间加入选题篮查看答案解析答案：D解析：从图中可以看出城市化与工业化在阶段Ⅲ 的变化趋势不同，呈现不同步，图示信息可知该国城市化水平和工业化水平在1800～1940年均逐步增高，工业化和城市化相互促进，城市化水平在1970 之前达到74%，该国城市化进程与工业化水平相适应，由于该国城市化水平高，应属于发达国家，工业化水平在1940年之后下降，第三产业比重增加，所以阶段Ⅲ，该国经济增长主要依靠第三产业。知识点：
[知识点：]
区域工业化和城市化的推进过程产生的问题及解决措施"
"1567142626-1932","https://study.baidu.com/tiku","[题目]
读“北非五国绿色工程示意图”， 影响图中“绿色工程”分布的主要因素是（  ）A热量B水分C地形D洋流题型: 单选题|难度: 一般|使用次数: 1|纠错复制收藏到空间加入选题篮查看答案解析答案：B解析：图中“绿色工程”地处撒哈拉沙漠，主要功能是防治土地荒漠化，水分是其分布的主要影响因素。知识点：
[知识点：]
荒漠化的防治,西亚和北非、撒哈拉以南非洲,区域可持续发展"
"1567142626-1974","https://study.baidu.com/tiku","[题目]
流域的自然背景决定河流的利用方式和流域的开发方向。题型: 判断题|难度: 一般|使用次数: 0|纠错复制收藏到空间加入选题篮查看答案解析答案：正确解析：流域的自然背景决定河流的利用方式和流域的开发方向。知识点：
[知识点：]
流域开发的地理条件、内容、综合治理措施"
"1567142626-1992","https://study.baidu.com/tiku","[题目]
由广东倡议成立的“泛珠三角”经济合作区包括了珠江流域的省(区)及其周围地区，其中有水系与珠江相通的省(区)是（   ）A粤、闽、赣、黔、滇、桂B桂、赣、粤、滇、黔、川C赣、粤、湘、桂、滇、黔D琼、闽、桂、滇、粤、黔题型: 单选题|难度: 困难|使用次数: 0|纠错复制收藏到空间加入选题篮查看答案解析答案：C解析：泛珠三角区域包括闽、赣、湘、桂、琼、川、滇、黔、粤，其中有水系与珠江相通的是赣、粤、湘、桂、滇、黔，C正确。知识点：
[知识点：]
区域工业化和城市化的推进过程产生的问题及解决措施"
"1567142626-1995","https://study.baidu.com/tiku","[题目]
关于田纳西河流域的土地利用的叙述，正确的是(     )ATVA在田纳西河流域开发过程中，调整农林牧结构，积极扩大耕地面积BTVA在田纳西河流域积极开垦草原来扩大耕地面积CTVA在田纳西河流域缩小林、草比重，积极建设自然保护区DTVA在田纳西河实行退耕还林，退耕还牧，有效地控制了水土流失题型: 单选题|难度: 一般|使用次数: 0|纠错复制收藏到空间加入选题篮查看答案解析答案：D解析：官方用语的TVA  ， 即是指田纳西河流域管理局。在田纳西河流域开发过程中，调整农林牧结构，不会积极扩大耕地面积，也不会破坏草地来扩大耕地面积，而是因地制宜发展农业生产，A错。B错。TVA在田纳西河流域积极建设自然保护区，应该是增加林、草比重，C错。TVA在田纳西河实行退耕还林，退耕还牧，有效地控制了水土流失，D对。知识点：
[知识点：]
流域开发的地理条件、内容、综合治理措施"
"1567142626-2017","https://study.baidu.com/tiku","[题目]
下列说法正确的是（ ）A田纳西河是密西西比河上流程最长、流量最大的支流B田纳西河流域地形全为平原C田纳西河流域虽然降水少，但河流落差大，所以水能资源丰富D流域内有丰富的煤炭、铅锌等矿产题型: 单选题|难度: 一般|使用次数: 0|纠错复制收藏到空间加入选题篮查看答案解析答案：D解析：本题考查田纳西河流域自然地理特征。流域内多山，地形起伏大，水力资源丰富；流域内属于亚热带湿润气候，降水集中在冬春季节；流域内矿产资源丰富，主要有煤、铁、铜、磷、锌等矿产。另外田纳西河与密西西比河无关联，方向位置不对。知识点：
[知识点：]
流域开发的地理条件、内容、综合治理措施"
"1567142626-2042","https://study.baidu.com/tiku","[题目]
田纳西河流域成为美国最大的电力供应基地的原因是 （    ）A水力资源极为丰富B煤炭资源极为丰富C铀矿资源极为丰富D流域内水电、火电、核电的大规模开发题型: 单选题|难度: 一般|使用次数: 0|纠错复制收藏到空间加入选题篮查看答案解析答案：D解析：田纳西河流域的开发以水能资源的梯级开发为核心，且结合流域内的火电开发和核电建设，提供了充足而廉价的电力资源，故成为全美最大的电力供应基地。知识点：
[知识点：]
流域开发的地理条件、内容、综合治理措施"
"1567142626-2048","https://study.baidu.com/tiku","[题目]
随着我国南方地区部分江河水库主要功能的退化，大坝将被拆除。当河流生态系统稳定之后，与拆坝前相比，将会出现的变化有（  ）A坝址上游枯水期平均水位上升B坝址上游汛期出现的季节提前C坝址下游径流量年际变化减少D坝址下游汛期洪峰流量增大题型: 单选题|难度: 一般|使用次数: 0|纠错复制收藏到空间加入选题篮查看答案解析答案：D解析：大坝拆除后，储水能力下降，上游枯水期平均水位下降，坝址上游汛期出现的季节推后；坝址下游，缺少了水库的调节，下游径流量年际变化加大，坝址下游汛期洪峰流量增大。据此可知答案为：D。知识点：
[知识点：]
流域开发的地理条件、内容、综合治理措施"
"1567142626-2000","https://study.baidu.com/tiku","[题目]
三峡工程对库区产生的环境问题有（   ）①耕地被淹 ②文物古迹被淹 ③缓和气温日、年变化   ④泥沙淤积加重A①②③B①③④C②③④D①②④题型: 单选题|难度: 一般|使用次数: 0|纠错复制收藏到空间加入选题篮查看答案解析答案：D解析：组合选择题可结合排除法分析，三峡水库造成后，气温日、年变化趋缓属有利影响，故③错误。知识点：
[知识点：]
流域开发的地理条件、内容、综合治理措施"
"1567142626-1966","https://study.baidu.com/tiku","[题目]
下表为我国四川、江西、内蒙古、上海四个省级行政区人口．耕地统计资料，关于四个省区从1996—2004年耕地面积减少的最主要原因对应正确的是（    ）省级行政区字母人口（万人）耕地面积（km2）1996―2004年减少耕地面积（km2）1996―2004年耕地减少类型所占比重（%）建设占用灾毁生态退耕农业结构调整A8428622246145．961．7470．2722．03B41052316414317．330．9168．9912．77C22325568910101．782．2695．270．69D141929487162．585．7313．2718．42AA省区—退耕还草，大力发展畜牧业BB省区—农业结构调整，生态退耕CC省区—退耕还林，扩大森林种植面积DD省区—城市化发展建设占地多题型: 单选题|难度: 一般|使用次数: 0|纠错复制收藏到空间加入选题篮查看答案解析答案：D解析：上海市经济发展水平最高，城市建设用地最多，为表中D；内蒙古地广人稀，草场广布，应以畜牧业为主，生态退耕比例最大，为表中C；表中B建设占用地比例高，应为经济较发达区域，相比四川，江西更符合。故ABCD依次是四川、江西、内蒙古、上海。四川应退耕还林，因地制宜发展农业，A错；B省因经济发展占用耕地多，要注意生态保护，B错；内蒙古应退耕还草，积极建设高质量的人工草场，C错；D是上海，城市化水平高，城市建设占用耕地多。据此可知答案为：D知识点：
[知识点：]
区域工业化和城市化的推进过程产生的问题及解决措施"
"1567142626-1940","https://study.baidu.com/tiku","[题目]
2014年12月28日7时，某国际航空公司一架从印度尼西亚飞往新加坡的客机失联，搜救工作随即展开。下图示意飞机飞行路线及搜索区域。读图完成下题。在图示洋面搜索该失联客机碎片，主要采用的地理信息技术是(　　)A遥感B全球定位系统C数字地球D地理信息系统题型: 单选题|难度: 一般|使用次数: 0|纠错复制收藏到空间加入选题篮查看答案解析答案：A解析：搜索失联客机碎片主要采用的地理信息技术是遥感，遥感是视力的延伸，可以感知不同地物的差异，A对。全球定位系统只是定位、导航，不能搜索，B错。数字地球用于实现信息的共享，C错。地理信息系统是分析、处理信息，不能搜索，D错。知识点：
[知识点：]
遥感(RS)在资源普查、环境和灾害监测中的应用,区域可持续发展"
"1567142626-2011","https://study.baidu.com/tiku","[题目]
欧洲西部有许多由河流和运河构成的内河航运网。据此完成题。欧洲西部河流发展航运的条件优越，从自然因素考虑是因为欧洲西部（  ）①经济发达       ②地形平坦③水能丰富      ④降水丰富A①②B②④C③④D①③题型: 单选题|难度: 一般|使用次数: 0|纠错复制收藏到空间加入选题篮查看答案解析答案：B解析：注意自然因素的要求，故经济发达不属于自然因素，水能资源丰富与河流航运条件的开发无关，河流流经地区地形平坦、流量较大、流量的季节变化较小、无冰期等自然因素对河流航运影响大。知识点：
[知识点：]
流域开发的地理条件、内容、综合治理措施"
"1567142626-1961","https://study.baidu.com/tiku","[题目]
改革开放后，苏南地区的工业化和城市化与乡镇企业的发展有着密切的关系。题型: 判断题|难度: 一般|使用次数: 0|纠错复制收藏到空间加入选题篮查看答案解析答案：正确解析：我国苏南地区的工业化和城市化得益于乡镇企业的发展，题目说法正确。据此可知答案为：正确。知识点：
[知识点：]
区域工业化和城市化的推进过程产生的问题及解决措施"
"1567142626-1998","https://study.baidu.com/tiku","[题目]
珠江三角洲与长江三角洲和京津唐等地区相比，对外资吸引力正在下降，其原因是（　）A国家对长江三角洲地区和京津唐地区实行了更优惠的政策B受地区产业基础和市场腹地等条件限制C长江三角洲地区和京津唐地区劳动力资源更为丰富、廉价D长江三角洲地区和京津唐地区水资源、矿产资源比珠江三角洲地区更丰富题型: 单选题|难度: 一般|使用次数: 0|纠错复制收藏到空间加入选题篮查看答案解析答案：B解析：珠三角的区域发展主要得益于我国的改革开放政策、邻近港澳的地理位置和世界产业转移，但与长三角、京津唐等地区相比，该地区主要的不利是受地形（南岭)阻隔，经济腹地狭小；产业基础薄弱；科技水平较低，长三角地区矿产资源、能源资源匮乏，京津唐地区水资源短缺。故选B项。知识点：
[知识点：]
区域工业化和城市化的推进过程产生的问题及解决措施"
"1567142626-2018","https://study.baidu.com/tiku","[题目]
田纳西河干流上的水库开始放水的时间是（　）A每年的8月1日B每年的10月1日C每年的圣诞节D每年的元旦题型: 单选题|难度: 一般|使用次数: 0|纠错复制收藏到空间加入选题篮查看答案解析答案：A解析：田纳西河干流上的水库开始放水的时间是每年的8月1日。因为田纳西河流域冬末春初多降水，夏秋降水相对较少，河流流量不稳定，降水季节变化与农作物的季节需水相矛盾，故修水库蓄水，解决降水与灌溉的矛盾。知识点：
[知识点：]
流域开发的地理条件、内容、综合治理措施"
"1567142626-2024","https://study.baidu.com/tiku","[题目]
下列关于地理环境对其它生产活动影响的叙述，不正确的是（ ）A长江三角洲的轻工业发展依托于当地发达的农业基础B长江三角洲发展重工业依托于当地丰富的矿产资源C松嫩平原发展重化工业依托于当地丰富的石油资源和周围地区的煤、铁等资源D长江三角洲商业贸易发达依托于优势的地理位置题型: 单选题|难度: 一般|使用次数: 0|纠错复制收藏到空间加入选题篮查看答案解析答案：B解析：长三角位于长江入海口，地形平坦、土壤肥沃、水源充足等自然环境优越，但矿产资源不足，故B项错误。知识点：
[知识点：]
流域开发的地理条件、内容、综合治理措施"
"1567142626-2040","https://study.baidu.com/tiku","[题目]
下列关于田纳西河流域的叙述，正确的是（　）A田纳西河水主要靠冰雪融水补给B田纳西河流域是美国新的棉花带C田纳西河水系全线可通航，并通过密西西比河及其支流可通往全国全部地区D流域内丰富的矿产资源，成为影响流域综合开发的重要因素题型: 单选题|难度: 一般|使用次数: 0|纠错复制收藏到空间加入选题篮查看答案解析答案：D解析：田纳西河流域位于美国东南部，受亚热带季风性湿润气候影响，位于湿润地区，故河流水源以降水为主要补给，A错误；田纳西河流域是美国主要的混合农业区，B错误；田纳西河航运条件较好，结合密西西比河水运和通往全国大部分地区，而不可能到达全部地区，如西部山区和太平洋沿岸地区，C错误；田纳西河流域内有丰富的矿产资源，如煤炭、石油、磷等，利于流域内的工业发展，D正确。知识点：
[知识点：]
流域开发的地理条件、内容、综合治理措施"
"1567142626-1986","https://study.baidu.com/tiku","[题目]
我国的香港、澳门、台湾在经济发展上的共同特点是（ ）A都以博彩业为主B都以出口加工工业为主C都以钢铁、机械等重工业为主D都以农业和农产品加工业为主题型: 单选题|难度: 一般|使用次数: 0|纠错复制收藏到空间加入选题篮查看答案解析答案：B解析：香港和台湾的经济不是以博彩业为主；香港和澳门的钢铁工业和机械等重工业很落后；三地的农业和农产品加工业都占很小比重；而三地原料缺乏，人稠地狭，市场狭小，所以都是都以出口加工工业为主，进口原料，然后进行加工。故选B。知识点：
[知识点：]
区域工业化和城市化的推进过程产生的问题及解决措施"
"1567142626-1984","https://study.baidu.com/tiku","[题目]
惠州剑潭水利枢纽已顺利地拦截东江，并发挥着效益。这一水利工程对环境的影响可能有（   ）A明显减少河流的年径流量B显著增加河流泥沙的下泄量C降低坝址上游两岸的地下水位D稳定坝址下游河流径流季节变化题型: 单选题|难度: 一般|使用次数: 0|纠错复制收藏到空间加入选题篮查看答案解析答案：D解析：惠州剑潭水利枢纽已顺利地拦截东江，这一水利工程对河流的径流量基本没什么影响，主要起到调节河流径流量，使下游水量平稳；水利工程可以使上游泥沙在库区淤积减少河流泥沙的下泄量；水利工程一旦蓄水，必然会抬高上游两岸水位，是的地下水位也随之上升，故本题选D。知识点：
[知识点：]
流域开发的地理条件、内容、综合治理措施"
"1567142626-1936","https://study.baidu.com/tiku","[题目]
联合国世界气象组织(WMO)称，北冰洋海冰2012年消融面积比美国还大(下图)，监测北冰洋海冰面积变化速度的地理信息技术是(　　)AGPSBGISCRSDGPRS题型: 单选题|难度: 一般|使用次数: 0|纠错复制收藏到空间加入选题篮查看答案解析答案：C解析：遥感技术探测范围广，可以连续监测，最适宜北冰洋海冰面积的动态监测。知识点：
[知识点：]
遥感(RS)在资源普查、环境和灾害监测中的应用,区域可持续发展"
"1567142626-2046","https://study.baidu.com/tiku","[题目]
联合湖位于美国西雅图市,19世纪中叶以前湖岸森林绵延,景色优美。1872年,运河修成,联合湖与海湾相通。此后,湖岸成为了工业发展重地。20世纪初,在湖北岸岬角建立了西雅图煤气厂。1956年,因天然气的全面推广,该煤气厂停产。后当地政府收购该厂区,改造与保留了部分工业遗迹并不断修复周边生态,建成了一个环境优美的都市景观公园,成为成功利用工业遗迹的范例。下为联合湖位置示意图及煤气厂公园景观鸟瞰图。完成下列各题。1. 19世纪70年代,联合湖湖岸成为工业发展重地的原因是（  ）A. 自然环境优美B. 水运条件改善C. 能源资源丰富D. 土地价格低廉2. 推测西雅图煤气厂公园生态修复中最难以治理的是（  ）A. 大气与矿渣污染B. 生物种类单一C. 土壤与地下水体污染D. 地表植被农药残留3. 西雅图煤气厂的废弃工业用地重塑,其体现的意义是（  ）A. 追求人与环境和谐共处B. 追求土地价值最大利用C. 追求历史遗迹最佳保护D. 追求生态环境自我修复题型: 综合题|难度: 一般|使用次数: 0|纠错复制收藏到空间加入选题篮查看答案解析答案：1. B2. C3. A解析：⑴读材料可知，联合湖在运河修成，联合湖与海湾相通之后，湖岸就成为了工业发展重地，说明该地工业发展的重要原因为水运条件的该善，B对。⑵煤气主要是由煤炭转化而成，然后输送到周围区域，大气的流动速度较快，工业生产停止，大气污染就可以治理，A错误；生物种类单一，可以通过植树造林来增加植被种类，B错误；土壤和地下水的循环更新速度慢，因此受到污染难易修复，C正确；煤气生产不会导致地表植被农药残留，D错误。⑶由材料可知后“当地政府收购该厂区，改造与保留了部分工业遗迹并不断修复周边生态，建成了一个环境优美的都市景观公园”这说明西雅图煤气厂的废弃工业用地重塑，其体现的意义是追求人与环境和谐共处。据此可知答案为：（1）B；（2）C；（3）A。知识点：
[知识点：]
区域工业化和城市化的推进过程产生的问题及解决措施"
"1567142626-2057","https://study.baidu.com/tiku","[题目]
影响珠江三角洲地区国内腹地范围的自然原因主要是（  ）A地形的阻隔B水源不足C夏季气温高温多雨D河流航运里程较短题型: 单选题|难度: 简单|使用次数: 0|纠错复制收藏到空间加入选题篮查看答案解析答案：A解析：珠三角受南岭等山脉的影响，故经济腹地狭窄。据此可知答案为：A。知识点：
[知识点：]
区域工业化和城市化的推进过程产生的问题及解决措施"
"1567142626-1991","https://study.baidu.com/tiku","[题目]
珠江三角洲地区20世纪80年代以后工业化、城市化较快的关键性条件是（ ）A国际经济环境B侨乡C区位D对外开放政策题型: 单选题|难度: 一般|使用次数: 0|纠错复制收藏到空间加入选题篮查看答案解析答案：D解析：当时的国际经济环境对我国各地是一样的，A错。80年代以前珠江三角洲也 是侨乡，B错。该地的区位并没有变化，C错。唯一有差别的是20世纪80年代以后，这里对外开放政策的实施比其它地区早，工业化、城市化得到快速发展，D对。知识点：
[知识点：]
区域工业化和城市化的推进过程产生的问题及解决措施"
"1567142626-2005","https://study.baidu.com/tiku","[题目]
田纳西河流域非常重视田纳西河水力资源的开发利用，目前水力资源的利用率约为(    )A90%B80%C70%D60%题型: 单选题|难度: 一般|使用次数: 0|纠错复制收藏到空间加入选题篮查看答案解析答案：A解析：田纳西河流域水力资源丰富，经开发利用，其水力资源的利用率约占90%。故选A。知识点：
[知识点：]
流域开发的地理条件、内容、综合治理措施"
"1567142626-1952","https://study.baidu.com/tiku","[题目]
利用气象卫星云图监测台风的有关叙述错误的是(    )A可以确定台风中心的位置，估计台风强度B监测台风的移动方向和速度C确定狂风暴雨出现的地区D预报台风登陆的准确地点和精确时间题型: 单选题|难度: 一般|使用次数: 0|纠错复制收藏到空间加入选题篮查看答案解析答案：D解析：气象遥感卫星可以确定台风中心的位置，估计台风强度，监测台风的移动方向和速度，预测狂风暴雨出现的地区，但是受技术手段和台风多变性的影响，不能预报台风登陆的准确地点和精确时间。故A、B、C三项正确，D项说法错误，D项是符合题意的选项。知识点：
[知识点：]
遥感(RS)在资源普查、环境和灾害监测中的应用,区域可持续发展"
"1567142626-2026","https://study.baidu.com/tiku","[题目]
该图是我国四个地区区域城市化的典型模式，图中①②③④代表的地区依次是（   ）A苏南地区、珠江三角洲地区、浙江温州地区、东北地区B珠江三角洲地区、东北地区、浙江温州地区、苏南地区C浙江温州地区、苏南地区、东北地区、珠江三角洲地区D珠江三角洲地区、浙江温州地区、苏南地区、东北地区题型: 单选题|难度: 一般|使用次数: 0|纠错复制收藏到空间加入选题篮查看答案解析答案：D解析：我国各地区城市化发展模式不一样。依托于对外开发，引进外资而发展符合珠三角模式；小商品经济发展起来的个体私营经济符合温州模式；苏南靠大城市扩散，乡镇企业发展，推动产业化发展，从而推进城市化；资源的开发，国有大中型企业发展符合东北老工业基地的发展模式。知识点：
[知识点：]
区域工业化和城市化的推进过程产生的问题及解决措施"
"1567142626-1990","https://study.baidu.com/tiku","[题目]
田纳西河流域最适合布局的工业类型是（    ）A市场指向型B廉价劳动力指向型C技术指向型D动力指向型题型: 单选题|难度: 一般|使用次数: 0|纠错复制收藏到空间加入选题篮查看答案解析答案：D解析：田纳西河流域降水多，水流水量丰富，落差大，有丰富的水能资源，流域内实行了水能的梯级开发，能提供充足、廉价的电力，最适合布局电力消耗量大的动力导向型工业。D对。田纳西河的市场、技术与美国大城市相比，没有优势，劳动力价格不如发展中国家有优势，所以A、B、C错。知识点：
[知识点：]
流域开发的地理条件、内容、综合治理措施"
"1567142626-2049","https://study.baidu.com/tiku","[题目]
下图为我国南方某工业区牙刷生产企业分布示意图。读图回答下列各题。1. 下列对该工业区的说法正确的是（  ）A. 形成了原料—生产—销售配套体系B. 该工业区以大型骨干企业为主C. 该工业区同类企业竞争激烈，利润低D. 该工业区资本密集程度高2. 该区域改革开放前为乡村地区，以粮食种植为主，经济落后，现在该区域的城市化为我国区域城市化的典型模式之一，该区域（  ）A. 乡村工业化推动了大城市的形成B. 不可能出现城市、乡村交错的景观C. 乡镇企业促进了中小城市迅速发展D. 产业的升级导致逆城市化现象明显题型: 综合题|难度: 一般|使用次数: 0|纠错复制收藏到空间加入选题篮查看答案解析答案：1. A2. C解析：⑴由材料可知，该工业区以若干牙刷生产企业为核心，聚集了大量原料供应商、配套服务供应商、设备供应商和销售企业等相关产业，形成了完整的原料—生产—销售配套体系。该工业区内的牙刷生产企业数量较多，没有显著的骨干企业，B错误；该工业区内各企业间相互配合，形成良好的协作体系，C错误；该工业区内企业数量众多，资本分散，D错误。⑵乡村工业化有助于促进乡村向城市转型，但对大城市的形成没有太大影响，A错误；在城市化过程中，部分乡村转化为城镇，可能出现城市、乡村交错的景观，B错误；从而促进了中小城镇迅速发展，C正确；没有明显的逆城市化现象，D错误。据此可知答案为：（1）A；（2）C。知识点：
[知识点：]
区域工业化和城市化的推进过程产生的问题及解决措施"
"1567142626-2030","https://study.baidu.com/tiku","[题目]
田纳西河流域内的河水的补给方式及水汽主要来源地是（ ）A冰川融水，阿巴拉契亚山B大气降水，墨西哥湾和加勒比海C大气降水，太平洋D湖泊水，五大湖题型: 单选题|难度: 一般|使用次数: 0|纠错复制收藏到空间加入选题篮查看答案解析答案：B解析：田纳西河流域位于美国的东南部，受亚热带湿润性季风气候影响，故河流以大气降水为主要补给，夏季风源于墨西哥湾和加勒比海，带来丰富的水汽。知识点：
[知识点：]
流域开发的地理条件、内容、综合治理措施"
"1567142626-1939","https://study.baidu.com/tiku","[题目]
在农业方面，运用遥感技术能够(　　)①监测耕地变化　②调查作物分布　③估测粮食产量④跟踪产品流向A①②③B②③④C①②④D①③④题型: 单选题|难度: 一般|使用次数: 0|纠错复制收藏到空间加入选题篮查看答案解析答案：A解析：解答本题的关键是明确遥感的功能。遥感为视力的延伸，能监测耕地变化、作物分布及根据作物长势估测粮食产量等。知识点：
[知识点：]
遥感(RS)在资源普查、环境和灾害监测中的应用,区域可持续发展"
"1567142626-2015","https://study.baidu.com/tiku","[题目]
田纳西河流域开发的核心是（ ）A河流的梯级开发B土地资源利用率及高耗能工业C旅游业开发D疏通河道题型: 单选题|难度: 一般|使用次数: 0|纠错复制收藏到空间加入选题篮查看答案解析答案：A解析：田纳西河流域开发的核心是流域的梯级开发。知识点：
[知识点：]
流域开发的地理条件、内容、综合治理措施"
"1567142626-2012","https://study.baidu.com/tiku","[题目]
下列关于田纳西河及其流域开发的说法正确的是（  ）A发源于阿巴拉契亚山脉东B山地的生态环境直接影响环境水量和水质C河流是生态环境保护的重点D河谷平原是该流域中开发利用的主要部分题型: 单选题|难度: 一般|使用次数: 0|纠错复制收藏到空间加入选题篮查看答案解析答案：B解析：田纳西河发源于阿巴拉契亚山脉西部，山地是河流的发源地，其生态环境直接影响河流的水量与水质，因此应保护好它的植被；河谷平原是人类活动比较集中的地区，因此是生态环境保护的重点。知识点：
[知识点：]
流域开发的地理条件、内容、综合治理措施"
"1567142626-1954","https://study.baidu.com/tiku","[题目]
2009年2月7日上午我国西北某军用机场，三架轰炸机相继升空，先后5次进入内蒙古段黄河冰凌区实施轰炸，24枚炸弹全部准确命中目标，炸凌任务圆满完成。据此回答问题。黄河凌汛灾情监测中主要用到的技术是（ ）AGISBGRSCGPSDRS题型: 单选题|难度: 一般|使用次数: 0|纠错复制收藏到空间加入选题篮查看答案解析答案：D解析：利用卫星监测生态环境和灾害，属于遥感的主要功能。知识点：
[知识点：]
遥感(RS)在资源普查、环境和灾害监测中的应用,区域可持续发展"
"1567142626-1929","https://study.baidu.com/tiku","[题目]
阅读下列材料，回答问题。材料一：地处河西走廊的张掖地区（黑河中游）近50年间，人口由55万增至116万，耕地由10万公顷增加到26万公顷，中游沿岸建成的平原水库27座，截流了几乎全部的上游来水。(如下图)材料二：额济纳旗草原过去曾是水草丰美、牛羊成群的地方，现在草木枯萎，到处是戈壁沙漠，一片荒凉，已难见草原风光。1. 请根据所学知识，分别说出弱水河流的主要补给来源和影响其流量的自然因素。2. 结合材料和所学知识，简述额济纳旗草原退化的主要原因。3. 简述该地区防治荒漠化的有效措施。题型: 综合题|难度: 一般|使用次数: 3|纠错复制收藏到空间加入选题篮查看答案解析答案：1. 高山冰雪融水；气温。2. 人口激增；过度开垦；水资源不合理利用。3. 控制人口增长，提高人口素质；调整产业结构，发展节水农业；合理放牧，防止过度开垦，保护好周围生态环境；加大荒漠化防治的投入，加强管理，加强执法力度。解析：⑴考查河流的补给类型。结合图中信息可知，弱水河发源自祁连山区，山上有冰川分布，夏季气温较高，冰雪融水较多。⑵考查区域荒漠化的原因，主要原因是人为原因。人口增长过快，过度开垦，水资源的不合理利用等都导致了草原的退化。⑶考查荒漠化的治理措施。主要从产生问题的原因进行分析，或者可以借鉴其他成功的案例。具体分析，控制人口增长，提高人口素质；调整产业结构，发展节水农业；合理放牧，防止过度开垦，保护好周围生态环境；加大荒漠化防治的投入，加强管理，加强执法力度。据此可知答案为：（1）高山冰雪融水；气温。（2）人口激增；过度开垦；水资源不合理利用。（3）控制人口增长，提高人口素质；调整产业结构，发展节水农业；合理放牧，防止过度开垦，保护好周围生态环境；加大荒漠化防治的投入，加强管理，加强执法力度。知识点：
[知识点：]
荒漠化的防治,陆地上水体间的相互关系,区域可持续发展"
"1567142626-1962","https://study.baidu.com/tiku","[题目]
流域的开发必须结合流域的具体特征进行综合开发和利用。题型: 判断题|难度: 简单|使用次数: 0|纠错复制收藏到空间加入选题篮查看答案解析答案：正确解析：流域的开发必须立足于流域的实际情况，因地制宜，结合流域的具体特征进行综合开发和利用。据此可知答案为：正确。知识点：
[知识点：]
流域开发的地理条件、内容、综合治理措施"
"1567142626-1980","https://study.baidu.com/tiku","[题目]
读“某年6～9月长江某水文站观测到的流量变化趋势示意图，回答下题。从图上信息看，下列治理长江水患最根本的措施是（   ）A植树造林，保持水土B大力兴建水利工程C中游河段裁弯取直D增加湖泊的蓄洪能力题型: 单选题|难度: 一般|使用次数: 0|纠错复制收藏到空间加入选题篮查看答案解析答案：A解析：图中显示，长江流量线和水位线基本平行，说明长江涵养水源的能力较弱，导致水患。所以，植树造林，增强涵养水源，保持水土的能力，是治理长江水患的根本措施。知识点：
[知识点：]
流域开发的地理条件、内容、综合治理措施"
"1567142626-2008","https://study.baidu.com/tiku","[题目]
关于珠江三角洲地区工业化与城市化的叙述，不正确的是(　　)A珠江三角洲的工业化与城市化是在外资的推动下不断发展的B20世纪90年代以来，支撑珠江三角洲地区产业升级的动力在减弱C珠江三角洲的工业化加快了城市化进程D珠江三角洲地区各城市分工明确，结构差异大题型: 单选题|难度: 一般|使用次数: 0|纠错复制收藏到空间加入选题篮查看答案解析答案：D解析：珠三角地区的城市之间产业结构差异不大，彼此之间形成相互竞争的关系。知识点：
[知识点：]
区域工业化和城市化的推进过程产生的问题及解决措施"
"1567142626-2016","https://study.baidu.com/tiku","[题目]
图中甲图为黄河小浪底水库放水排沙图，乙图为放水排沙时小浪底大坝下游沿途含沙量变化图，读图回答问题。黄河小浪底水库蓄清排浊、放水输沙的影响有（    ）A大坝下游泥沙淤积增加B黄河三角洲面积缩小C水库调蓄洪水能力增强D黄土高原水土流失加剧题型: 单选题|难度: 一般|使用次数: 0|纠错复制收藏到空间加入选题篮查看答案解析答案：C解析：黄河小浪底水库蓄清排浊、放水输沙会下游的泥沙淤积减少，河口三角洲的面积增大，对黄土高原的水土流失不会产生明显的影响。通过蓄清排浊、放水输沙的目的是提高水库的调蓄洪水能力增强。知识点：
[知识点：]
流域开发的地理条件、内容、综合治理措施"
"1567142626-1982","https://study.baidu.com/tiku","[题目]
下图  为我国东南地区某外流河从发源地至入海口水能蕴藏量分布图。下列叙述正确的是（   ）A②处水能最丰富是因为该处河流水量最大B③到④河段河流落差小C④到⑤河段流量迅速减小D①处流量小，⑤处落差小题型: 单选题|难度: 一般|使用次数: 0|纠错复制收藏到空间加入选题篮查看答案解析答案：D解析：东南地区的外流河水量最大处应该在河流的下游入海处，②处水能最丰富主要是地势落差大；③到④河段水能资源也很丰富，说明河流落差也较大；④到⑤河段水能资源迅速减少，说明落差降低；①处在河流源头附近，流量小；⑤处在河口处因落差小，水能资源少。选项D正确。知识点：
[知识点：]
流域开发的地理条件、内容、综合治理措施"
"1567142626-1967","https://study.baidu.com/tiku","[题目]
改革开放初期，与环渤海地区相比，珠江三角洲地区工业发展的优势条件是（    ）A产业基础好B矿产资源丰富C腹地范围广D毗邻香港澳门题型: 单选题|难度: 一般|使用次数: 0|纠错复制收藏到空间加入选题篮查看答案解析答案：D解析：改革开放初期，珠三角地区发展的优势条件主要是改革开放的政策和优越的地理位置，珠三角地区工业基础薄弱，经济腹地狭小，而矿产资源不足。据此可知答案为：D知识点：
[知识点：]
区域工业化和城市化的推进过程产生的问题及解决措施"
"1567142626-2055","https://study.baidu.com/tiku","[题目]
发源于落基山脉的科罗拉多河是美国西南部的重要河流。读下图回答下列各题。1. 每年的4～5月是科罗拉多河的洪水期，此时径流量与冬季枯水期相差近30倍。据此可判断科罗拉多河的主要补给水源为（  ）A. 雨水B. 冰川融水C. 地下水D. 积雪融水2. 胡佛水坝是美国综合开发科罗拉多河水资源的一项关键性工程，于1931年4月开始动工兴建，1936年3月建成。胡佛水坝的建造产生的社会经济效益不包括（  ）A. 有利于保护生物的多样性B. 提供了清洁廉价的电力，促进了流域内工业的发展C. 预防洪涝灾害，降低了灾害损失D. 改善了下游地区的灌溉条件，促进了农业发展题型: 综合题|难度: 一般|使用次数: 0|纠错复制收藏到空间加入选题篮查看答案解析答案：1. D2. A解析：⑴由材料可知，每年的4～5月是科罗拉多河的洪水期，据此可知科罗拉多河的主要补给水源可能为冰川积雪融水，但由于受海拔及年降水量的影响，落基山脉地区少有冰川分布，因此其主要补给水源应为积雪融水。⑵保护生物的多样性属于生态环境效益，而不属于社会经济效益，此外胡佛水坝的建设将影响鱼类的洄游，不利于保护生物的多样性。据此可知答案为：（1）D；（2）A。知识点：
[知识点：]
流域开发的地理条件、内容、综合治理措施"
"1567142626-1937","https://study.baidu.com/tiku","[题目]
遥感可用于对资源和自然灾害的动态监测。（  ）题型: 判断题|难度: 一般|使用次数: 0|纠错复制收藏到空间加入选题篮查看答案解析答案：正确解析：遥感可以通过遥感图像实现对资源和自然灾害的动态监测。知识点：
[知识点：]
遥感(RS)在资源普查、环境和灾害监测中的应用,区域可持续发展"
"1567142626-2014","https://study.baidu.com/tiku","[题目]
下列关于阿斯旺大坝产生影响的表述，不正确的是（  ）A河口外海域沙丁鱼增加B尼罗河三角洲盐渍化严重C防止了水灾和旱灾D改善了尼罗河的通航条件题型: 单选题|难度: 一般|使用次数: 0|纠错复制收藏到空间加入选题篮查看答案解析答案：A解析：由于阿斯旺大坝建设导致尼罗河带到下游的水量和泥沙减少，故影响河口的水文环境，导致海岸线倒退，河口鱼类减少，故A项错误。知识点：
[知识点：]
流域开发的地理条件、内容、综合治理措施"
"1567142626-2047","https://study.baidu.com/tiku","[题目]
珠江三角洲地区是我国主要的工业基地之一，也是我国第二大城市密集区。据此回答下列各题。1. 改革开放以来珠江三角洲地区工业化和城市化的水平迅速提高，下列关于其原因的说法正确的是（  ）①发达国家和地区的产业结构调整②国家的对外开放政策③良好的区位条件④人口自然增长率高⑤工业基础雄厚A. ①②③B. ③④⑤C. ①④⑤D. ②③④2. 珠三角与长三角及京津唐等地区相比，对外资吸引力正在下降，其原因是（  ）A. 国家对长江三角洲地区和京津唐地区实行了更优惠的政策B. 受地区产业基础和市场腹地等条件限制C. 长江三角洲地区和京津唐地区劳动力资源更为丰富、廉价D. 长江三角洲地区和京津唐地区水资源、矿产资源比珠江三角洲地区更丰富题型: 综合题|难度: 一般|使用次数: 0|纠错复制收藏到空间加入选题篮查看答案解析答案：1. A2. B解析：⑴珠三角地区承接发达国家和地区的产业转移，有助于产业升级；国家对珠三角的开放政策实施；地处沿海地区，距离港澳台等地区较近，这些条件都有助于工业化和城市化水平的提高，故A项正确；人口自然增长率高与工业化无关，故③错误；当地的工业基础薄弱，故⑤错误。⑵珠三角地区的产业基础较为薄弱，市场腹地较小，这些导致对外资吸引力的下降。据此可知答案为：（1）A；（2）B。知识点：
[知识点：]
区域工业化和城市化的推进过程产生的问题及解决措施"
"1567142626-1950","https://study.baidu.com/tiku","[题目]
右图表示不同地物辐射温度在一天内的变化状况。曲线①～④代表的地物分别可能是   （   ）A沙地、湖泊、林地、草地B沙地、草地、林地、湖泊C草地、沙地、湖泊、林地D草地、林地、沙地、湖泊题型: 单选题|难度: 一般|使用次数: 0|纠错复制收藏到空间加入选题篮查看答案解析答案：B解析：根据所学的海陆热力性质差异知识可知，水的热容量最大，陆地的热量最小。在所给的四种地物中，湖泊的热容量最大，沙地的热量最小。热容量越大，其温度的日较差越小，热容量越小，其温度的日较差越大。由此可以判定图中的①②③④分别代表的地物是沙地、草地、林地、湖泊，故选B知识点：
[知识点：]
遥感(RS)在资源普查、环境和灾害监测中的应用,区域可持续发展"
"1567142626-1947","https://study.baidu.com/tiku","[题目]
数字地球最基本的任务是(   )A全面、及时地提供真实可信的数据B提供各地的天气变化C提供每一个地球人的身体状况D提供世界经济发展的总趋势题型: 单选题|难度: 一般|使用次数: 0|纠错复制收藏到空间加入选题篮查看答案解析答案：A解析：数字地球的核心思想有两点：一是用数字化手段统一处理地球问题；二是最大限度地利用信息资源，并使普通百姓能够通过一定方式方便地获得人们想了解的有关地球的信息。因此数字地球最基本的任务是全面、及时地提供真实可信的数据。知识点：
[知识点：]
数字地球的含义,区域可持续发展"
"1567142626-1979","https://study.baidu.com/tiku","[题目]
规模宏大，举世瞩目的跨世纪特大型水利工程－－长江三峡工程建成后，对长江流域的经济发展和生态环境产生巨大的影响。据此完成下题：长江三峡水电站巨大的环境效益主要体现在（    ）①缓解华中、华北地区能源供应的紧张状况，减轻铁路运输的压力②产生的电能可创造巨大的价值③以清洁的水电替代火电，可大量减少火力发电产生的有害气体、废水和废渣④可防御长江中下游地区百年不遇的特大洪水A①②B②③C③④D②④题型: 单选题|难度: 一般|使用次数: 0|纠错复制收藏到空间加入选题篮查看答案解析答案：C解析：三峡大坝最重要的功效，就是防洪，三峡电站最大的功能就是发电，而且是水电，相对而言，水电是清洁能源，所以C正确。知识点：
[知识点：]
流域开发的地理条件、内容、综合治理措施"
"1567142626-1968","https://study.baidu.com/tiku","[题目]
【环境保护】阅读材料，回答问题。怒江是我国尚待开发的大型水电能源基地之一，尚未开发的水能资源大多位于生态环境敏感区，下图中为规划中的梯级电站示意图，目前怒江水电开发计划备受争议。分析怒江水电开发建设对流域环境带来的不利影响。题型: 简答题|难度: 一般|使用次数: 0|纠错复制收藏到空间加入选题篮查看答案解析答案：工程建设占用土地，砍伐和毁坏森林，植被破坏严重，使得流域生态环境恶化；改变水生生物的生长环境，阻断陆生生物的迁徙和交流；电站工程的修建过程加剧水土流失，增加河道的淤积；库区淹没和工程占用的耕地临时或永久地丧失耕种功能，库区水位的变化影响当地的农业灌溉系统；影响自然生态景观和库区内自然保护区的保护对象。解析：从工程建设的特点看，水电工程建设占用土地，砍伐和毁坏森林，植被破坏严重，使得流域生态环境恶化。大坝建设，改变水生生物的生长环境，阻断陆生生物的迁徙和交流。电站工程的修建过程加剧水土流失，增加河道的淤积。库区淹没和工程占用的耕地临时或永久地丧失耕种功能，库区水位的变化影响当地的农业灌溉系统。影响自然生态景观和库区内自然保护区的保护对象。知识点：
[知识点：]
流域开发的地理条件、内容、综合治理措施"
"1567142626-1957","https://study.baidu.com/tiku","[题目]
2017年5月4日我国北方地区遭遇今年最强沙尘天气，黄沙足迹遍布包括新疆、甘肃等10余省市，影响面积超过150万平方千米。在该日的风云四号卫星云图上出现一条明显的黄沙带。据此完成下列问题。1. 我国西北地区土地沙漠化严重的自然原因不包括（    ）A. 地处内陆，降水稀少B. 植被稀少，生态脆弱C. 大风频繁，蒸发旺盛D. 植被破坏，水蚀严重2. 与我国北方地区沙尘暴形成密切相关的天气系统是（    ）A. 暖锋B. 冷锋C. 气旋D. 准静止锋3. 风云四号卫星云图的获得主要利用的地理信息技术是（    ）A. RSB. GISC. GPSD. RV题型: 综合题|难度: 一般|使用次数: 0|纠错复制收藏到空间加入选题篮查看答案解析答案：1. D2. B3. A解析：（1）我国西北地区土地沙漠化严重的自然原因主要是地处内陆，降水稀少 ，植被稀少，生态脆弱，大风频繁，蒸发旺盛 。植被破坏是人为原因，干旱地区水蚀较弱，D错。（2）形成沙尘暴的主要是西北风，风速比较大，从西向东影响我国，属于冷气团推动暖气团移动，所以与我国北方地区沙尘暴形成密切相关的天气系统是冷锋。（3）风云四号卫星云图是利用卫星上的遥感器从高空拍摄到的卫星云图，卫星云图获得主要利用的地理信息技术是RS。据此可知答案为：（1）D   （2）B   （3）A知识点：
[知识点：]
常见的天气系统,遥感(RS)在资源普查、环境和灾害监测中的应用,区域可持续发展"
"1567142626-2021","https://study.baidu.com/tiku","[题目]
流域的地形、气候、水文特征以及矿产资源的蕴藏状况，决定了流域综合开发利用的方向，下列有关田纳西河流域的叙述，不正确的是(　　)A流域内多山，地形起伏较大，蕴藏着丰富的水力资源B属于亚热带气候，气候温暖湿润，夏秋季降水多，冬春季降水少C河流水系发达，支流众多D流域内矿产资源丰富题型: 单选题|难度: 一般|使用次数: 0|纠错复制收藏到空间加入选题篮查看答案解析答案：B解析：田纳西河流域受亚热带季风性湿润气候影响，受地形对降水的影响，该地区的降水量主要集中于冬春季节，夏秋季节少雨。知识点：
[知识点：]
流域开发的地理条件、内容、综合治理措施"
"1567142626-2019","https://study.baidu.com/tiku","[题目]
田纳西河两岸能够形成一条“工业走廊”主要得益于（    ）A修大坝，使通航条件大为改善B旅游业带来经济收入C大规模的水电开发，促进了高耗能工业的发展D防治污染，提高田纳西河的水质题型: 单选题|难度: 一般|使用次数: 0|纠错复制收藏到空间加入选题篮查看答案解析答案：C解析：田纳西河流域的工业发展主要得益于河流水能资源的梯级开发，提供了大量而廉价的电力资源，故利于高耗能工业的发展。知识点：
[知识点：]
流域开发的地理条件、内容、综合治理措施"
"1567142626-1949","https://study.baidu.com/tiku","[题目]
下列遥感类型中，探测范围由大到小依次是（　　）A近地遥感、航空遥感、航天遥感B航天遥感、航空遥感、近地遥感C航空遥感、近地遥感、航天遥感D航空遥感、航天遥感、近地遥感题型: 单选题|难度: 一般|使用次数: 0|纠错复制收藏到空间加入选题篮查看答案解析答案：B解析：根据不同遥感类型的距地面远近可判断探测范围，距地面越远则探测范围越大，而比较三种类型，距地面又远到近为航天遥感、航空遥感、近地遥感。知识点：
[知识点：]
遥感(RS)在资源普查、环境和灾害监测中的应用,区域可持续发展"
"1567142626-2025","https://study.baidu.com/tiku","[题目]
河流梯级开发的必要水文条件是(　　)①河网稠密　②支流众多　③水量丰富　④河流落差大A①②B②③C③④D②④题型: 单选题|难度: 一般|使用次数: 0|纠错复制收藏到空间加入选题篮查看答案解析答案：C解析：河流梯级开发的前提是水能资源丰富，而河流的水能资源主要从河流流量大，河流的落差大分析。知识点：
[知识点：]
流域开发的地理条件、内容、综合治理措施"
"1567142626-1973","https://study.baidu.com/tiku","[题目]
三峡工程的首要功能是防洪，并显著提高了库区下游的通航能力。题型: 判断题|难度: 一般|使用次数: 0|纠错复制收藏到空间加入选题篮查看答案解析答案：错误解析：本题考查三峡工程的综合效益。三峡工程的综合效益如下：效益作用过程主要受益区防洪三峡水库可以调节洪峰、拦蓄洪水中下游地区发电三峡水电站建成后将是世界上最大的发电站，将缓解输电区能源紧缺状况华中、华东地区航运三峡水库可加深加宽上游航道，使水流趋缓，改善长江的航运条件，促进东西部的物资流通上游供水、养殖三峡工程的兴建对中下游城市供水和农业灌溉、南水北调中线调水、库区水产养殖、旅游等方面有巨大的综合效益中下游地区、库区等所以三峡工程的首要功能是防洪，三峡工程对通航能力的改善主要是在上游地区，所以本题叙述错误。知识点：
[知识点：]
流域开发的地理条件、内容、综合治理措施"
"1567142626-1935","https://study.baidu.com/tiku","[题目]
冰岛火山喷发时，监测冰岛火山灰的扩散面积和浓度变化所利用的技术手段主要是（    ）A遥感技术B全球定位系统C地理信息系统D数字地球题型: 单选题|难度: 一般|使用次数: 0|纠错复制收藏到空间加入选题篮查看答案解析答案：A解析：遥感技术是人视力的延伸，它是侧重于收集信息的感知手段，通过飞机或卫星上携带的传感器接收地物辐射或反射的电磁波来获得信息，并经过简单处理后获得资料。知识点：
[知识点：]
遥感(RS)在资源普查、环境和灾害监测中的应用,区域可持续发展"
"1567142626-1997","https://study.baidu.com/tiku","[题目]
读图“经济发展与环境关系示意图”，图中A～B阶段的主要产业可能是（   ）A核工业B耕作农业C钢铁工业D电子工业题型: 单选题|难度: 一般|使用次数: 0|纠错复制收藏到空间加入选题篮查看答案解析答案：C解析：读图可知：根据在A—B阶段的发展中，随GDP的增长环境污染的程度超过了自然环境质量，且有加重趋势，故判断主要产业的环境污染可能较大，选C项钢铁工业。知识点：
[知识点：]
区域工业化和城市化的推进过程产生的问题及解决措施"
"1567142626-1943","https://study.baidu.com/tiku","[题目]
在搜救MH370航班期间，中国紧急调动10颗卫星进行搜索，采用的技术手段是（    ）AGPSBRSCGISDGPRS题型: 单选题|难度: 一般|使用次数: 0|纠错复制收藏到空间加入选题篮查看答案解析答案：B解析：搜救MH370侧重搜，主要是获取地面有关MH370的蛛丝马迹，是获取信息，采用的技术手段当然是遥感技术，也就是RS。故选B。知识点：
[知识点：]
遥感(RS)在资源普查、环境和灾害监测中的应用,区域可持续发展"
"1567142626-2031","https://study.baidu.com/tiku","[题目]
关于田纳西河与美国其他河流关系的叙述，正确的是(　　)A田纳西河是密西西比河支流俄亥俄河的一条流程最长、水量最大的分支B田纳西河是密西西比河上的一条一级支流C田纳西河是密西西比河支流阿肯色河的一条流程最长、水量最大的分支D田纳西河是密西西比河支流密苏里河的一条流程最长、水量最大的分支题型: 单选题|难度: 一般|使用次数: 0|纠错复制收藏到空间加入选题篮查看答案解析答案：A解析：田纳西河是俄亥俄河的一级支流，属于密西西比河的二级支流，故选A项。知识点：
[知识点：]
流域开发的地理条件、内容、综合治理措施"
"1567142626-1989","https://study.baidu.com/tiku","[题目]
关于田纳西河水系的特点的叙述，正确的是(     )A田纳西河水系发达，水量丰富，全部可以通航B田纳西河地形起伏大，河流落差大，因此通航里程短C田纳西河地形起伏大，河流落差大，因此水力资源丰富D田纳西河受亚热带气候影响，水量十分稳定题型: 单选题|难度: 一般|使用次数: 0|纠错复制收藏到空间加入选题篮查看答案解析答案：C解析：田纳西河流域受亚热带湿润性季风气候影响，降水量丰富，故水量丰富，水系发达，支流较多，通航里程较长，B对。流域内地形以山地、丘陵、平原为主，地形起伏大，落差大，所以不是全部可以通航，A错。水量大，落差大，水能资源丰富，C对。位于季风气候区，流量的季节变化明显，水量不稳定，季节变化大，D错。知识点：
[知识点：]
流域开发的地理条件、内容、综合治理措施"
"1567142626-1981","https://study.baidu.com/tiku","[题目]
对比长江三角洲地区，珠江三角洲具有的优势条件是（   ）A产业基础良好B毗邻港澳和东南亚地区C腹地范围广阔D技术水平高题型: 单选题|难度: 一般|使用次数: 0|纠错复制收藏到空间加入选题篮查看答案解析答案：B解析：与长江三角地区，珠江三角地区位于我国南部沿海地区，毗邻港澳和东南地区地区，地理位置优越；珠江三角洲地区受地形限制，腹地范围小，长江三角洲地区，经济发达，技术水平高，产业基础良好。知识点：
[知识点：]
区域工业化和城市化的推进过程产生的问题及解决措施"
"1567142626-1978","https://study.baidu.com/tiku","[题目]
图为某区域等高线图，回答下列问题。关于图中山脉东西两侧水系特征叙述正确的是（     ）A流域面积东部小、西部大B河床坡度东部缓、西部陡C流量季节变化东部小、西部大D东侧为内流河，西侧为外流河题型: 单选题|难度: 一般|使用次数: 0|纠错复制收藏到空间加入选题篮查看答案解析答案：B解析：因受山地的影响，流域面积东部大、西部小；西部主要为温带海洋气候，降水的季节变化小，所以河流流量的季节变化小；东西两侧都为外流河；而西部为沿岸山脉，所以河床坡度东部缓、西部陡。故选B。知识点：
[知识点：]
流域开发的地理条件、内容、综合治理措施"
"1567142626-1955","https://study.baidu.com/tiku","[题目]
不同地物在同一光谱波段上的反射率差异越大，越容易区分。图反映了甲、乙两类植物在生长期内两个波段上的反射率。在遥感影像上区分这两类植物，应该选择生长期内哪一天的影像最合适（   ）A①——第30天B②——第75天C③——第100天D④——第130天题型: 单选题|难度: 一般|使用次数: 0|纠错复制收藏到空间加入选题篮查看答案解析答案：A解析：解析读图可知，甲、乙两类植物的反射率在波段I和波段II中差异最大的均是①处，因此要在遥感影像上分区这两类植物，应选择生长期第30天的时候。据此可知答案为：A。知识点：
[知识点：]
遥感(RS)在资源普查、环境和灾害监测中的应用,区域可持续发展"
"1567142626-1928","https://study.baidu.com/tiku","[题目]
我国西北地区荒漠化防治的对策和措施是（　　）A在农区改善耕作与灌溉技术，推广节水农业B在牧区增加水井数量，保障牧草有充足水源C在缺水的流沙地区营造乔灌木结合的防沙林带D开发沼气，解决农牧区的能源问题题型: 单选题|难度: 一般|使用次数: 2|纠错复制收藏到空间加入选题篮查看答案解析答案：A解析：我国西北地区气候干旱，沙漠分布广，改善耕作，采取保护性耕作方式，提高灌溉技术，可以减少荒漠化面积的增加，A对。增加水井数量，有可能导致不合理灌溉，引发土壤的盐碱化，导致荒漠化面积增加，B错。乔木是生长在湿润地区的，生长耗水量大，西北地区缺水，营造乔灌木结合的防沙带，会导致缺水问题更严重，荒漠化面积扩大，C错。在西北地区开发沼气，一是原料问题，这里是牧区，作物秸秆、草等都是牲畜饲料，不便直接用来生产沼气。二是沼气生产需要在气温高的条件下，通过发酵过程来实现，西北地区纬度高，冬季气温低，不能生产沼气，所以也就无法解决能源问题，D错。知识点：
[知识点：]
荒漠化的防治,区域可持续发展,中国的西北地区和青藏地区"
"1567142626-2044","https://study.baidu.com/tiku","[题目]
下图示意世界某区域甲河流域有大面积的黑土区，干流建有多个梯级水电站。W 国曾是原苏联的工业基地和粮仓。2013 年新疆生产建设兵团等与W国有关方面签署协议，可在甲河流域大规模种植粮食。下表为甲河干流梯级水电站开发前后的流量分配比例1. 说出甲河流域的地势特点，简析甲河径流量主要来自N市以上河段的自然原因。2. 与新疆比，分析甲河流域发展种植业更为有利的条件。3. 简析甲河干流梯级开发水电站对W国农业生产的有利影响。题型: 综合题|难度: 一般|使用次数: 0|纠错复制收藏到空间加入选题篮查看答案解析答案：1. 特点：由（西）北向（东）南倾斜。与N市以下河段相比，以上河段：支流较多，流域面积较大；降水较多；纬度较高，气温较低，蒸发较弱。(或:冬季积雪量大)2. 与新疆比，甲河流域：降水较多；水源丰富；黑土广布，土壤肥沃；风沙危害少；工农业基础好；近海，有河流和港口，水运方便，利于农产品运输。3. 提供较稳定的水源，缓解夏秋季农业用水的不足；改善了河流通航条件，利 于农产品运输；或（库区适宜发展水产业；调节径流，防御旱涝灾害。解析：⑴判断河流水量来源可以根据支流数量、降水量的多少和纬度的高低等因素来判断，甲河径流量主要来自N市以上河段的支流较多，流域面积较大；降水较多；纬度较高，气温较低，蒸发较弱，所以甲河径流量主要来自N市以上河段。⑵比较两个区域农业发展条件要先对区域进行综合分析，然后根据要求对分析内容选择性的列举比较，与新疆比，甲河流域发展种植业更为有利的条件是甲河流域：降水较多；水源丰富；黑土广布，土壤肥沃；风沙危害少；工农业基础好；近海，有河流和港口，水运方便，利于农产品运输。⑶W国是乌克兰，甲河干流开发梯级水电站对W国农业生产的有利影响主要包括提供稳定的水源、提供廉价的水电、改善通航条件、适宜发展水产业、防御旱涝灾害等。据此可知答案为：（1）特点：由（西）北向（东）南倾斜。与N市以下河段相比，以上河段：支流较多，流域面积较大；降水较多；纬度较高，气温较低，蒸发较弱。(或:冬季积雪量大)。（2）与新疆比，甲河流域：降水较多；水源丰富；黑土广布，土壤肥沃；风沙危害少；工农业基础好；近海，有河流和港口，水运方便，利于农产品运输。（3）提供较稳定的水源，缓解夏秋季农业用水的不足；改善了河流通航条件，利 于农产品运输；或（库区适宜发展水产业；调节径流，防御旱涝灾害。知识点：
[知识点：]
流域开发的地理条件、内容、综合治理措施"
"1567142626-1930","https://study.baidu.com/tiku","[题目]
【环境保护】阅读材料，回答问题。石漠化是发生在喀斯特地貌区的土地退化现象。如下图所示。主要分布在我国西南地区，尤以贵州省最为严重。石漠化的成因既有自然因素也有人为因素，自然原因是石漠化形成的基础条件，喀斯特地区的碳酸盐岩易淋溶、成土慢，加上山高坡陡，气候温暖、雨水丰沛而集中，使碳酸盐岩侵蚀作用明显等。分析西南地区石漠化的人为成因，并提出综合治理的建议。题型: 简答题|难度: 一般|使用次数: 1|纠错复制收藏到空间加入选题篮查看答案解析答案：人为原因：过度樵采、不合理的耕作方式(刀耕火种、陡坡播种、广种薄收等)、过度开垦、乱砍滥伐、乱放牧等。治理建议：第一，加强林地建设，做好水土保持——退耕还林、封山育林、荒山造林，种植防护林；第二，开展扶贫开发等生态工程、关注人畜饮水、转变当地人生产、生活方式、必要时实施生态移民；第三，调整石漠化地区能源结构，开发沼气、水能、太阳能和生物能等新能源。解析：本题主要推测石漠化的人为原因。石漠化的人为原因主要是对地表植被的破坏和不合理的耕作方式，过度樵采、过度开垦、乱砍滥伐、过度放牧等都会造成植被的破坏等。针对原因，治理石漠化需要注意做好保持水土、进行产业结构调整、寻找替代能源这几个方面。知识点：
[知识点：]
荒漠化的防治,区域可持续发展"
"1567142626-1956","https://study.baidu.com/tiku","[题目]
读图1. 以下图层组合最适合用遥感（RS）技术获取信息的是：（    ）A. ①②④B. ①③⑤C. ③④⑥D. ②③⑥2. 进行农业适宜性评价可以利用的图层组合是：（    ）A. ①②④⑤B. ②③④⑥C. ②③④⑤D. ①③⑤⑥题型: 综合题|难度: 一般|使用次数: 0|纠错复制收藏到空间加入选题篮查看答案解析答案：1. A2. B解析：（1）地表地物的感知数据获取可以使用遥感技术，据此选A。（2）进行农业适宜性评价需要考虑农业自然条件如气候、土壤、地形、水源等，涉及②③④⑥，选B。据此可知答案为：（1）A   （2）B知识点：
[知识点：]
遥感(RS)在资源普查、环境和灾害监测中的应用,区域可持续发展"
"1567142626-1945","https://study.baidu.com/tiku","[题目]
联合国世界气象组织(WMO)称，北冰洋海冰2012年消融面积比美国还大(下图)，监测北冰洋海冰面积变化速度的地理信息技术是(　　)AGPSBGISCRSDGPRS题型: 单选题|难度: 一般|使用次数: 0|纠错复制收藏到空间加入选题篮查看答案解析答案：C解析：遥感技术探测范围广，可以连续地监测，最适宜北冰洋海冰面积的动态监测。知识点：
[知识点：]
遥感(RS)在资源普查、环境和灾害监测中的应用,区域可持续发展"
"1567142626-1999","https://study.baidu.com/tiku","[题目]
图示意某流域开发的三个阶段（a）和三条流量变化曲线（b）。读图回答题。该流域开发过程中（ ）A降水量增加B蒸发量增加C下渗减少D地表径流减少题型: 单选题|难度: 一般|使用次数: 0|纠错复制收藏到空间加入选题篮查看答案解析答案：C解析：图1中Ⅰ到Ⅲ三个阶段显示两个明显特征，图中植被覆盖率减少，居民点增加，可以推知该地降水量减少，但由于居民点增加，用水量增多，蒸发量会减少，地表径流由于植被的减少，水保持作用减弱，使地表径流增加，因此下渗减少，故为C。本题考查流域开发对地理环境的影响，同时考查人类活动对地理环境的影响，主要考查考生读图能力和调动运用知识分析解决问题的能力。知识点：
[知识点：]
流域开发的地理条件、内容、综合治理措施"
"1567142626-2001","https://study.baidu.com/tiku","[题目]
城市发展的基本动力是(    )A人口的不断增加B经济的不断增长C工业的不断集聚D农业的不断增加题型: 单选题|难度: 一般|使用次数: 0|纠错复制收藏到空间加入选题篮查看答案解析答案：B解析：经济的不断增长，使城市提供就业机会多，工资待遇高，生活水平高，吸引力大，所以人口向城市转移多，因此城市发展的基本动力是经济的不断增长。故选B。知识点：
[知识点：]
区域工业化和城市化的推进过程产生的问题及解决措施"
"1567142626-2032","https://study.baidu.com/tiku","[题目]
田纳西河流域的气候类型及对应的植被是（ ）A温带大陆性气候——温带草原带B地中海气候——亚热带常绿硬叶林带C亚热带季风性湿润气候——亚热带常绿阔叶林带D亚热带季风性湿润气候——亚热带常绿硬叶林带题型: 单选题|难度: 一般|使用次数: 0|纠错复制收藏到空间加入选题篮查看答案解析答案：C解析：田纳西河流域位于美国的东南部，由于海陆热力性质差异，而形成亚热带季风性湿润气候，对应的植被为亚热带常绿阔叶林带；注意区别“亚热带常绿硬叶林带”是地中海气候下的自然带，该气候类型分布于大陆西岸。知识点：
[知识点：]
流域开发的地理条件、内容、综合治理措施"
"1567142626-1934","https://study.baidu.com/tiku","[题目]
下列技术，关键装置为传感器的是（    ）A遥感技术B地理信息技术C全球定位技术D电子通信技术题型: 单选题|难度: 一般|使用次数: 0|纠错复制收藏到空间加入选题篮查看答案解析答案：A解析：遥感的关键装置是一种被称为传感器的仪器。从传感器接收信息到遥感信息应用的全过程，称为遥感技术。故选A。据此可知答案为：A。知识点：
[知识点：]
遥感(RS)在资源普查、环境和灾害监测中的应用,区域可持续发展"
"1567142626-2038","https://study.baidu.com/tiku","[题目]
下关于田纳西河流域的叙不正确的是(   )A山地的生态环境直接影响该河流的水量和水质B河谷平原是生态环境保护的重点C河谷平原是流域中开发利用的主要部分D流域内蕴藏着丰富的水力资源题型: 单选题|难度: 一般|使用次数: 0|纠错复制收藏到空间加入选题篮查看答案解析答案：C解析：田纳西河流域开发的核心是水能资源的梯级开发，故主要位于河流的上中游山地、丘陵地带，故C项错误。知识点：
[知识点：]
流域开发的地理条件、内容、综合治理措施"
"1567142626-2013","https://study.baidu.com/tiku","[题目]
田纳西河流域自19世纪后期环境恶化的原因的叙述，正确的是(         )A由于人口激增，对资源的大规模掠夺式开发B长期高强度种植玉米，造成土地退化C为了获取炼钢用的木炭，大片伐林，造成水土流失D炼钢企业大量排放二氧化硫，形成酸雨题型: 单选题|难度: 一般|使用次数: 0|纠错复制收藏到空间加入选题篮查看答案解析答案：A解析：田纳西河流域位于美国的东南部，受亚热带湿润性气候影响，为美国主要的棉花带分布区，在19世纪，该地区主要的生产活动为农业生产，但由于长期的掠夺式开发而导致“黑风暴”肆虐。知识点：
[知识点：]
流域开发的地理条件、内容、综合治理措施"
"1567142626-2029","https://study.baidu.com/tiku","[题目]
山地是流域的重要组成部分，对其保护的重点是(　　)A矿产资源保护B水量合理分配和水质保护C水资源的节约利用D植被生态的保护题型: 单选题|难度: 一般|使用次数: 0|纠错复制收藏到空间加入选题篮查看答案解析答案：D解析：山地一般为河流的上中游，由于山地地形起伏较大，生态环境脆弱，一旦植被破坏则容易导致水土流失等生态环境问题，故应以加强保护植被为重点的生态环境建设。知识点：
[知识点：]
流域开发的地理条件、内容、综合治理措施"
"1567142626-2034","https://study.baidu.com/tiku","[题目]
田纳西河干流上的水库开始放水的时间是(    )A每年的8月1日B每年的10月1日C每年的圣诞节D每年的元旦题型: 单选题|难度: 一般|使用次数: 0|纠错复制收藏到空间加入选题篮查看答案解析答案：A解析：由于田纳西河流域受亚热带季风性湿润气候影响，但降水量主要分布于10月到次年的4月，故水库开始放水应在雨季来临之前，以腾出库容应对雨季的径流量增加。知识点：
[知识点：]
流域开发的地理条件、内容、综合治理措施"
"1567142626-2007","https://study.baidu.com/tiku","[题目]
田纳西河是密西西比河的（   ）A干流的一段B一级支流C二级支流D三级支流题型: 单选题|难度: 一般|使用次数: 0|纠错复制收藏到空间加入选题篮查看答案解析答案：C解析：田纳西河是俄亥俄河的一级支流，属于密西西比河的二级支流，故选C项。知识点：
[知识点：]
流域开发的地理条件、内容、综合治理措施"
"1567142626-2027","https://study.baidu.com/tiku","[题目]
珠江三角洲地区工业化与城市化过程出现的问题不包括（   ）A产业升级面临困难B城市建设相对落后C生态环境问题日趋严重D产业转移日渐加强题型: 单选题|难度: 一般|使用次数: 0|纠错复制收藏到空间加入选题篮查看答案解析答案：D解析：劳动密集型产业向我国沿海地区的转移带动了珠江三角洲地区的工业化和城市化，故不属于城市化过程中的问题。知识点：
[知识点：]
区域工业化和城市化的推进过程产生的问题及解决措施"
"1567142626-2037","https://study.baidu.com/tiku","[题目]
关于珠江三角洲地区在20世纪80年代工业化和城市化水平迅速提高的有利条件的分析，正确的是（  ）①工业基础雄厚，产值高 ②发达国家和地区的产业结构调整 ③国家的对外开放政策④良好的区位条件⑤全国最大的侨乡之一 ⑥煤、石油等矿产资源丰富A①②③④B②③④⑤C①③④⑤D③④⑤⑥题型: 单选题|难度: 一般|使用次数: 0|纠错复制收藏到空间加入选题篮查看答案解析答案：B解析：在20世纪80年代属于改革开放的初期，珠江三角洲地区的工业刚好起步，并且该区煤、石油等矿产资源一直都十分贫乏，故在正确的选项中一定不能含有①⑥，答案就只有B。改革开放的初期，珠江三角洲地区凭借国家政策的扶持、多侨乡、承接国外产业转移等良好的区位优势迅速走上了工业化和城市道路。知识点：
[知识点：]
区域工业化和城市化的推进过程产生的问题及解决措施"
"1567142626-1951","https://study.baidu.com/tiku","[题目]
从某一遥感影像图中不能获取的信息是（　　）A洪水淹没面积B人口受教育水平C植物病虫害程度D土地利用方式题型: 单选题|难度: 一般|使用次数: 0|纠错复制收藏到空间加入选题篮查看答案解析答案：B解析：根据地面物体辐射或反射的电磁波信息，在图像胶片记录下来就形成遥感影像图，所以可以根据水体与陆地反射电磁波信息不同、病虫害程度不同的植物反射电磁波信息不同、不同的土地利用方式的反射率不同，可以得到洪水淹没面积，植物病虫害程度和土地利用方式，但人口的受教育水平不同从影像图中获得。知识点：
[知识点：]
遥感(RS)在资源普查、环境和灾害监测中的应用,区域可持续发展"
"1567142626-1988","https://study.baidu.com/tiku","[题目]
下列不是珠江三角洲地区工业化和城市化的有利优势是（   ）A国际经济环境B对外开放政策C侨乡D重化工业基地题型: 单选题|难度: 一般|使用次数: 0|纠错复制收藏到空间加入选题篮查看答案解析答案：D解析：珠江三角洲地区资源能源短缺,而有着优越的地理位置,对外开放政策,又是我国侨乡,发展成为我国轻工业基地。知识点：
[知识点：]
区域工业化和城市化的推进过程产生的问题及解决措施"
"1567142626-2041","https://study.baidu.com/tiku","[题目]
长江三峡水利枢纽工程的建设有利于(    )A航运、发电和灌溉B利于调节河川径流的季节变化，不利于抵御洪水C鱼类洄游产卵，保护流域生态环境D防治水污染，净化水源题型: 单选题|难度: 一般|使用次数: 0|纠错复制收藏到空间加入选题篮查看答案解析答案：A解析：长江三峡建成后，将有效缓解长江中下游地区的洪涝灾害，并兼顾发电、航运、灌溉等多项功能，A正确；水库具有调节河流径流量的作用，利于缓解河流中下游地区的洪涝灾害，B错误；水库建设对当地的生态环境和水质带来不利影响，C、D错误。知识点：
[知识点：]
流域开发的地理条件、内容、综合治理措施"
"1567142626-2050","https://study.baidu.com/tiku","[题目]
读“水库调洪蓄洪功能示意图”，完成下列各题。1. 如果图中a缩短，b减小，则下列叙述可能成立的是（  ）A. 水库下游径流变化减小B. 下游不易发生洪涝灾害C. 水库中泥沙淤积不断增多D. 水库上游水土流失得到有效治理2. 若我国某大河(外流河)中上游修建多座调洪蓄洪功能为主的水库，则（  ）A. 枯水期下游流水搬运能力下降B. 入海水量总量大幅减少C. 下游河床抬升D. 三角洲面积增速减缓题型: 综合题|难度: 一般|使用次数: 0|纠错复制收藏到空间加入选题篮查看答案解析答案：1. C2. D解析：⑴根据水库的调蓄能力，水库泥沙不断淤积，水库的库容不断减少，水库削峰补枯的能力下降，b值在变小。洪峰出现的时间在缩短，a值缩短，C对。调蓄能力下降，水库的下游径流变化增大，A错。下游洪涝灾害增多，B错。上游水土流失多，D错。⑵若该大河中上游修建多座水库，则枯水期下游径流稳定，流水搬运能力较强，A错。入海水量总量不会减少，B错。下游泥沙沉积少，河床侵蚀，C错。泥沙大量淤积库区，河口泥沙淤积量减少，三角洲面积增速将减缓，D对。据此可知答案为：（1）C；（2）D。知识点：
[知识点：]
流域开发的地理条件、内容、综合治理措施"
"1567142626-2006","https://study.baidu.com/tiku","[题目]
如果下图表示的是某条河流不同年代的流量年变化曲线，则在这期间该河流域可能(    )①修建了水利工程 ②开辟了运输线③加固了防洪大堤 ④流域内植被遭到破坏A①②B②③C①④D②④题型: 单选题|难度: 一般|使用次数: 0|纠错复制收藏到空间加入选题篮查看答案解析答案：C解析：开辟运输线和加固防洪大堤对河流的径流量没有影响，而修建水利工程能调节河流的径流量，修建水利工程后能使河流径流量的季节变化减小；植被能涵养水源，故若流域内的植被遭到破坏则可能使河流径流量的季节变化加大。知识点：
[知识点：]
流域开发的地理条件、内容、综合治理措施"
"1567142626-1944","https://study.baidu.com/tiku","[题目]
由于遥感技术的发展，地理学者可以利用高空的地球资源科技卫星来探索地上多种地理现象。下列哪种地理现象不可以利用卫星影像来进行分析(    )A崇明岛近十年内面积扩大情况B大亚湾核电站热水排放范围C汶川震后堰塞湖的发展变化D甲型H7N9流感疫情严重区域题型: 单选题|难度: 简单|使用次数: 0|纠错复制收藏到空间加入选题篮查看答案解析答案：D解析：卫星影像主要是运用遥感技术，资源科技卫星可以通过接收电磁波获得遥感图片，拍摄出崇明岛近十年内面积扩大情况，大亚湾核电站热水排放范围 以及汶川震后堰塞湖的发展变化，A、B、C可以。但是甲型H7N9流感不是资源，所以不能拍摄疫情严重区域的影像，D不可以，选D。知识点：
[知识点：]
遥感(RS)在资源普查、环境和灾害监测中的应用,区域可持续发展"
"1567142626-1969","https://study.baidu.com/tiku","[题目]
由于城市化易出现的环境、交通等诸多“城市病”，因此要限制城市化水平的提高。题型: 判断题|难度: 一般|使用次数: 0|纠错复制收藏到空间加入选题篮查看答案解析答案：错误解析：合理的城市化可以改善环境，过快的城市会使城市环境质量下降，因此城市水平应与社会经济发展水平相适应。知识点：
[知识点：]
区域工业化和城市化的推进过程产生的问题及解决措施"
"1567142626-1970","https://study.baidu.com/tiku","[题目]
大型水利工程建设对其所在流域可能带来的影响有（    ）A增加下游洪峰流量B调节库区周边地区气温C阻塞鱼类洄游通道D增加下游河川径流总量题型: 简答题|难度: 一般|使用次数: 0|纠错复制收藏到空间加入选题篮查看答案解析答案：B,C解析：大型水库的建设会减少下游洪峰流量，故A项错误；会增加库区的蒸发量从而降水量增加，起到调节库区周边地区气候的作用，故B项正确；水库的建设可能会阻塞鱼类洄游通道，故C项正确；河流的总径流量与降水有关，与水库修建无关，故D项错误。知识点：
[知识点：]
流域开发的地理条件、内容、综合治理措施"
"1567142626-2045","https://study.baidu.com/tiku","[题目]
阅读图文材料,完成下列问题。捷列克河,源出大高加索山,注入里海;长623千米,流域面积4.32万平方千米,三角洲面积约4000平方千米;河口年平均流量305立方米/秒,年径流量11亿立方米;沿河建有两座水电站,沿河主要城市有弗拉季高加索、莫兹多克等。下图为捷列克河流域示意图,图中三角洲所在的洼地广泛分布着盐渍化土壤。1. 说明M地以上河段的流量占总流量比重较大的原因。2. 简述捷列克河三角洲建设天然牧场的有利条件。3. 对于捷列克河水电站的开发有以下两种观点,试选择一种进行说明。①水电站建设会对河口生物量产生影响,不宜建设。②水电站的建设会对流域产生积极影响,应该建设。题型: 综合题|难度: 一般|使用次数: 0|纠错复制收藏到空间加入选题篮查看答案解析答案：1. 流域面积广，支流多；距海洋较近，受海洋影响，降水较多；地势较高，气温低，相较于M低以下河段大陆性气候而言，蒸发弱；下渗情况较M地一下河段轻。2. 洼地地形,平坦开阔,面积大;洼地水分较多,草类等沼泽植物茂盛,水源丰富。3. 支持①，水电站建成后会导致入海水量和如海泥沙减少,水生生物养分减少；大坝影响生物洄游,导致河口水生物数量减小。支持②，水电站建设可以充分利用捷列克河水能资源优势；可以满足沿河大城市对能源的需求；可以利用水电站形成的水域条件发展养殖,观光旅游等其他产业。解析：⑴M地以上河段的流量占总流量比重较大的原因，不外乎河流补给多、支出少两类方面，而补给多可能是降水多也可能是汇入多、集水面积大等原因。据此结合图形及材料信息可知，M以上河段支流多、降水多，因此补给多；和下游河段相比，该河段蒸发弱、下渗少，因此支出少。⑵建设天然牧场的条件可结合该地自然环境特征，分别从地形、土地面积、水源等方面说明该地不宜发展耕作业根据适宜牧草生长方面分析。据材料，该地盐碱地、沼泽地广布，不宜发展耕作业，但地域辽阔、水源充足，地势平坦，对于牧草生长极其有利。⑶本题为开放性题目，回答时应先写出所选题目，然后针对所选题目进行回答。两个题目分别是支持和不支持的观点，可分别从水电站开发的有利条件、有利影响和不利条件、不利影响两方面回答。选择支持①，要从生态问题方面分析影响；若支持②，则要考虑经济价值据此可知答案为：（1）流域面积广，支流多；距海洋较近，受海洋影响，降水较多；地势较高，气温低，相较于M低以下河段大陆性气候而言，蒸发弱；下渗情况较M地一下河段轻。（2）洼地地形,平坦开阔,面积大;洼地水分较多,草类等沼泽植物茂盛,水源丰富。（3）支持①，水电站建成后会导致入海水量和如海泥沙减少,水生生物养分减少；大坝影响生物洄游,导致河口水生物数量减小。支持②，水电站建设可以充分利用捷列克河水能资源优势；可以满足沿河大城市对能源的需求；可以利用水电站形成的水域条件发展养殖,观光旅游等其他产业。知识点：
[知识点：]
流域开发的地理条件、内容、综合治理措施,陆地上水体间的相互关系"
"1567142626-2036","https://study.baidu.com/tiku","[题目]
关于田纳西河流域的叙述，正确的是(　　)A田纳西河流域地形起伏大，蕴藏着丰富的水力资源B田纳西河流域属于亚热带地区，气候温暖湿润，雨热同期C田纳西河流域水系发达，支流众多，但由于地形起伏大，大部分不能通航D田纳西河流域矿产资源贫乏题型: 单选题|难度: 一般|使用次数: 0|纠错复制收藏到空间加入选题篮查看答案解析答案：A解析：结合所学的教材内容不难知道田纳西河流域的冬季降水比夏季略多；水系发达，支流众多，大部分都能通航，可以通过密西比河及其支流通往全国各地；在其流域范围内，煤、铁、铜等矿产资源丰富；地形起伏大，水力资源丰富。故选A。知识点：
[知识点：]
流域开发的地理条件、内容、综合治理措施"
"1567142626-1987","https://study.baidu.com/tiku","[题目]
美国政府对田纳西河流域综合整治与开发的主要措施有（  ）①以水资源综合开发为流域治理的核心，制定了包括防洪、航运、灌溉、旅游在内的综合性长远开发方案②大力发展水电，实行阶梯开发③充足而廉价的电力，吸引了大量技术密集型工业在本地发展④大力发展了农业和旅游业A①②③B①②④C①③④D②③④题型: 单选题|难度: 一般|使用次数: 0|纠错复制收藏到空间加入选题篮查看答案解析答案：B解析：技术密集型工业需要强大的科技力量，田纳西河流域主要是能源优势，流域内主要是发展高能耗的工业，所以“吸引了大量技术密集型工业在本地发展”不符合事实。故选B。知识点：
[知识点：]
流域开发的地理条件、内容、综合治理措施"
"1567142626-2020","https://study.baidu.com/tiku","[题目]
关于阿斯旺大坝产生的消极影响，叙述错误的是（   ）①尼罗河下游沿岸平原土地肥力提高   ②对一些水生动物的生存产生了影响③使下游地区的泥沙堆积加剧         ④使尼罗河三角洲盐渍化加重A①②B②③C①③D①④题型: 单选题|难度: 一般|使用次数: 0|纠错复制收藏到空间加入选题篮查看答案解析答案：C解析：阿斯旺大坝修建之后，拦截大量泥沙，洪涝灾害减轻；河口地带，随着泥沙淤积的减少，土壤肥力下降；输入河口的营养物质减少，渔业产量下降；海水的入侵会导致土壤盐碱化；海水的侵蚀还会导致三角洲面积缩小。知识点：
[知识点：]
流域开发的地理条件、内容、综合治理措施"
"1567142626-2002","https://study.baidu.com/tiku","[题目]
关于浦东新区的叙述，正确的是（  ）A新区成为上海高新技术产业和现代工业基地B第三产业是浦东新区经济的主要支柱C主要加工区与科技园区沿长江分布D其城市地域结构为扇形模式题型: 单选题|难度: 一般|使用次数: 0|纠错复制收藏到空间加入选题篮查看答案解析答案：A解析：浦东新区是上海高新技术产业和现代工业基地，A项正确；浦东新区的支柱产业为第二产业，B项错误；主要加工区与科技园区沿黄浦江分布，C项错误；其城市地域结构属于多核心模式。知识点：
[知识点：]
区域工业化和城市化的推进过程产生的问题及解决措施"
"1567142626-1948","https://study.baidu.com/tiku","[题目]
“数字地球”是指（ ）A用数字表示地球的大小B把整个地球信息数字化后，由计算机网络来管理的技术系统C用经纬网的数据来表示地理事物的位置D用GPS数据来表示地球上各种地理事物的位置题型: 单选题|难度: 一般|使用次数: 0|纠错复制收藏到空间加入选题篮查看答案解析答案：B解析：数字地球指的是建立一个地球信息模型，该模型将地球上每一角落的信息都收集、整理、归纳，并且按照地球地理坐标建立完整的信息模型并且用网络联结起来，从而使地球上的每个人都可以快速、完整、形象地了解地球宏观和微观的各种情况，并充分发挥这些数据的作用。故B项符合。知识点：
[知识点：]
数字地球的含义,区域可持续发展"
"1567142626-1960","https://study.baidu.com/tiku","[题目]
河流的自然背景决定了河流的利用方式和流域的开发方向。题型: 判断题|难度: 简单|使用次数: 0|纠错复制收藏到空间加入选题篮查看答案解析答案：正确解析：流域的自然背景决定河流的利用方式和流域的开发方向。据此可知答案为：正确。知识点：
[知识点：]
流域开发的地理条件、内容、综合治理措施"
"1567142626-1975","https://study.baidu.com/tiku","[题目]
受多种因素的制约，珠江三角洲地区的工业化与城市化的后劲日显不足，而且出现了一系列问题。珠江三角洲地区工业与城市化过程中出现的问题不包括（    ）A产业升级面临困境B城市建设相对滞后C生态环境问题日趋严重D产业转移日渐加强题型: 单选题|难度: 一般|使用次数: 0|纠错复制收藏到空间加入选题篮查看答案解析答案：D解析：珠江三角洲地区工业化和城市化进程中出现的问题有：产业升级面临困境；城市建设相对落后，生态环境问题日趋严重。产业转移不是工业化、城市化中出现的问题，而是出现问题导致的结果。因此，D选项为答案。知识点：
[知识点：]
区域工业化和城市化的推进过程产生的问题及解决措施"
"1567142626-2023","https://study.baidu.com/tiku","[题目]
关于珠江三角洲地区城市化发展的叙述，错误的是（     ）A珠江三角洲地区工业化和城市化主要靠外资推动，形成“遍地开花，分散发展”的局面B各个城市分工明确，相互协作，共同发展C各个城市功能不清，结构趋同，相互竞争，不利于城市进一步发展D随着工业化和城市化的推进，珠江三角洲地区的各个城市的功能结构趋同，使珠江三角洲地区工业化与城市化的动力减弱题型: 单选题|难度: 一般|使用次数: 0|纠错复制收藏到空间加入选题篮查看答案解析答案：B解析：珠江三角洲地区的经济（尤其是在工业化早期)呈现出“外向型”的特点，其基本途径是从境外引进资金、先进技术、设备和管理及经验等，在本地加工完成后，把大批产品从香港等地通过转口贸易供应国际市场。20世纪90年代，珠江三角洲地区在优势条件丧失的情况下，又一次抓住了机遇，积极地进行了产业结构调整。珠江三角洲城市化过程中，城市间缺少分工合作，使得城市竞争力明显下降。20世纪90年代以来，我国对外开放的范围逐渐扩大，特别是长江三角洲地区的崛起，加上珠江三角洲地区本身的缺陷，使得支撑珠江三角洲地区产业升级的动力正在减弱。知识点：
[知识点：]
区域工业化和城市化的推进过程产生的问题及解决措施"
"1567142626-1958","https://study.baidu.com/tiku","[题目]
“数字地球”是（    ）A指用数字表示地球的大小B把整个地球信息数字化后由计算机网络来管理的技术系统C用经纬网的数据来表示地理事物的位置D用GPS数据来表示地球上各种地理事物的位置题型: 单选题|难度: 简单|使用次数: 0|纠错复制收藏到空间加入选题篮查看答案解析答案：B解析：数字地球指的是建立一个地球信息模型，该模型将地球上每一角落的信息都收集、整理、归纳，并且按照地球地理坐标建立完整的信息模型并且用网络联结起来，从而使地球上的每个人都可以快速、完整、形象地了解地球宏观和微观的各种情况，并充分发挥这些数据的作用。故B项符合。据此可知答案为：B.知识点：
[知识点：]
数字地球的含义,区域可持续发展"
"1567142626-1963","https://study.baidu.com/tiku","[题目]
建立多元化的产业结构是资源型工业城市可持续发展的重要途径。题型: 判断题|难度: 一般|使用次数: 0|纠错复制收藏到空间加入选题篮查看答案解析答案：正确解析：建立多元化的产业结构是资源型工业城市可持续发展的重要途径，多元化产业结构可以增加新的生长点，促进地区经济发展。据此可知答案为：正确。知识点：
[知识点：]
区域工业化和城市化的推进过程产生的问题及解决措施"
"1567142626-1965","https://study.baidu.com/tiku","[题目]
流域的自然地理特征很大程度上决定了河流的利用方式和流域的开发方向。题型: 判断题|难度: 一般|使用次数: 0|纠错复制收藏到空间加入选题篮查看答案解析答案：正确解析：流域内的地理位置、地形、气候、河流等自然地理特征，决定河流的利用方式和流域的开发方向，故本题叙述正确。据此可知答案为：正确。知识点：
[知识点：]
流域开发的地理条件、内容、综合治理措施"
"1567142626-1931","https://study.baidu.com/tiku","[题目]
2017年4月1日，中共中央、国务院决定在河北设立雄安新区（涉及河北省雄县、容城、安新3县及周边部分区域），这是继深圳经济特区和上海浦东新区之后又一具有全国意义的新区，其区位优势明显，距离北京、天津等城市车程不超过1小时。其定位主要是北京“非首都功能”的集中承载地，推动京津冀协同发展。据此完成下列各题。1. 与当时的深圳和浦东一样，雄安新区也选择在开发程度较低的地区，主要考虑的是（    ）A. 建设成本B. 技术水平C. 产业基础D. 气候条件2. 疏解北京“非首都功能”，利于北京市（    ）A. 扩大服务范围B. 丰富城市职能C. 提高国民素质D. 改善城市环境3. 京津冀协同发展可以（    ）A. 促进三地资源优势互补B. 根治城市发展中的问题C. 实现污染物集中化处理D. 引导三地产业结构趋同题型: 综合题|难度: 一般|使用次数: 1|纠错复制收藏到空间加入选题篮查看答案解析答案：1. A2. D3. A解析：（1）开发程度较低的地区，经济相对落后，土地租金低，建设成本低，成为大型建设或新区的首选地。（2）北京“非首都功能”主要是指各类较为低端产业或污染工业、占地大的资源型产业等，这类产业的移出，有利于保护北京市的城区环境。（3）京津冀协同发展可以促进三地资源优势互补 ，但不能根治城市发展中的问题；使得污染物转移、分散；引导三地产业结构各具特色、优势并存。据此可知答案为：（1）A；（2）D；（3）A。知识点：
[知识点：]
产业转移和资源跨区域调配对区域地理环境的影响,不同区域自然环境、人类活动的差异,区域可持续发展"
"1567142626-1959","https://study.baidu.com/tiku","[题目]
“滴滴出行”是一款综合性的网络约车软件，具有查找附近可用车辆、规划最优出行路线等功能。据此完成下列各题。1. “滴滴出行”中所采用的地理信息技术主要有（    ）①GIS ②RS ③GPS ④数字地球A. ①②B. ①③C. ②④D. ③④2. 网络约车软件的推广（    ）A. 从根本上改变人们的出行方式B. 促进城市交通资源利用率的提升C. 实现绿色出行，解决城市拥堵D. 投资巨大，产品更新换代周期长题型: 综合题|难度: 一般|使用次数: 0|纠错复制收藏到空间加入选题篮查看答案解析答案：1. B2. B解析：（1）软件可以查找附近可用车辆，这需要定位，采用了GPS技术，③对，而规划出行路线需要分析，采用的是GIS技术，①对，故选B。（2）这款软件投资不大，出行方式依然是打车，没有改变出行方式也不是绿色出行，只是打车的效率更高了，提升的是交通资源利用率，故选B。据此可知答案为：（1）B （2）B。知识点：
[知识点：]
地理信息系统(GIS)在城市管理中的应用,遥感(RS)在资源普查、环境和灾害监测中的应用,全球定位系统(GPS)在定位导航中的应用,区域可持续发展,数字地球的含义"
"1567142626-2039","https://study.baidu.com/tiku","[题目]
田纳西河的水系、水文特征是（ ）①水系发达，支流众多 ②河流落差大，水力资源丰富③矿产资源丰富 ④水量丰富，流量不稳定A①②③B②③④C①②④D①③④题型: 单选题|难度: 一般|使用次数: 0|纠错复制收藏到空间加入选题篮查看答案解析答案：C解析：组合选择题可采取排除法，矿产资源丰富明显不属于河流特征，③错误。田纳西河流域受亚热带湿润性季风气候影响，降水量丰富，故水量丰富，但流量的季节变化明显，且水系发达，支流较多；而该流域内地形以山地、丘陵、平原为主，地形落差较大，水能资源丰富。知识点：
[知识点：]
流域开发的地理条件、内容、综合治理措施"
"1567142626-2003","https://study.baidu.com/tiku","[题目]
下列说法正确的是(    )A田纳西河流域综合开发利用水资源从防洪入手B田纳西河因冬季河水结冰，航运价值不大C田纳西河流域水能丰富，但是利用率不高D田纳西河流域防洪设施的建设使当地的人地矛盾更加突出题型: 单选题|难度: 一般|使用次数: 0|纠错复制收藏到空间加入选题篮查看答案解析答案：A解析：田纳西河流域经综合开发，航运价值较大，水能丰富，利用率较高，使当地的人地矛盾得到缓解；因该流域多洪涝灾害，所以其综合开发利用水资源是从防洪入手。故选A。知识点：
[知识点：]
流域开发的地理条件、内容、综合治理措施"
"1567142626-1964","https://study.baidu.com/tiku","[题目]
读“世界某地区局部图”图，M河（    ）A汛期出现在7月份B结冰期长C通航里程长，航运价值高D有灌溉价值题型: 单选题|难度: 一般|使用次数: 0|纠错复制收藏到空间加入选题篮查看答案解析答案：D解析：读图可知，M河主要流经南半球的热带草原气候区，河流汛期出现在1月份，A错。纬度低，最冷月均温在0°C以上，没有结冰期，B错。流经高原地区，径流量小，航运价值不大，C错。热带草原地区，降水季节变化大，旱季时，河流具有灌溉功能，D对。故选D。据此可知答案为：D。知识点：
[知识点：]
流域开发的地理条件、内容、综合治理措施"
"1567142626-1942","https://study.baidu.com/tiku","[题目]
使用遥感技术，可以快速了解我国北方遭受暴雪天气的分布范围。（    ）（判断对错）题型: 判断题|难度: 一般|使用次数: 0|纠错复制收藏到空间加入选题篮查看答案解析答案：正确解析：遥感即遥远的感知，可利用飞机、飞船、卫星上，使用光学仪器和电子仪器，获取地面的图象。根据图象可分析出遭受暴雪天气影响的分布情况。据此可知答案为：正确。知识点：
[知识点：]
遥感(RS)在资源普查、环境和灾害监测中的应用,区域可持续发展"
"1567142626-2009","https://study.baidu.com/tiku","[题目]
下列关于田纳西河流域开发和整治的叙述，不正确的是（  ）A根治了洪灾B农林牧渔业、工业和旅游业得到迅速发展C人均收入高于全国平均水平D实现了经济效益、社会效益和生态效益的统一题型: 单选题|难度: 一般|使用次数: 0|纠错复制收藏到空间加入选题篮查看答案解析答案：C解析：通过综合开发与整治，田纳西河流域根治了洪灾，农林牧渔业、工业和旅游业得了迅速发展，生态环境明显改善。到20世纪80年，田纳西河流域人均收入水平已经接近全国平均水平，实现了了经济效益、社会效益和生态效益的统一知识点：
[知识点：]
流域开发的地理条件、内容、综合治理措施"
"1567142626-2054","https://study.baidu.com/tiku","[题目]
下图为英国泰晤士河河口区域示意图及伦敦气候资料统计图，泰晤士河河口水闸泄洪孔关闭时时间时间夏季多于冬季。读图完成下列各题。1. 水闸的主要功能是（  ）A. 拦水发电B. 储存淡水C. 供旅游活动D. 防海水入侵2. 泰晤士河水闸关闭时，会促使水闸以上至伦敦河段（  ）A. 泥沙沉积量减少B. 泥沙沉积量增加C. 河流水质下降D. 河流含沙量增加题型: 综合题|难度: 一般|使用次数: 0|纠错复制收藏到空间加入选题篮查看答案解析答案：1. D2. A解析：⑴修建在河道和渠道上利用闸门控制流量和调节水位的低水头水工建筑物。关闭闸门可以拦洪、挡潮或抬高上游水位，以满足灌溉、发电、航运、水产、环保、工业和生活用水等需要；开启闸门，可以宣泄洪水、涝水、弃水或废水，也可对下游河道或渠道供水。在水利工程中，水闸作为挡水、泄水或取水的建筑物，应用广泛。泰晤士河水闸位于伦敦的泰晤士河，临近格林尼治，主要 用于来自海洋潮汐的防御。⑵泰晤士河水闸关闭时，海洋潮汐不能越过水闸，海洋中的泥沙不会被带至水闸以上至伦敦河段，因此会促使水闸以上至伦敦河段泥沙沉积量减少。据此可知答案为：（1）D；（2）A。知识点：
[知识点：]
流域开发的地理条件、内容、综合治理措施"
"1567142626-1972","https://study.baidu.com/tiku","[题目]
美国田纳西河流域内发展高耗能工业的必要条件是（    ）A水能资源丰富B铁路交通便利C信息交流通畅D地理环境优美题型: 单选题|难度: 一般|使用次数: 0|纠错复制收藏到空间加入选题篮查看答案解析答案：A解析：美国田纳西河流域水能资源丰富，利用水能发电，为发展高耗能工业创造必要条件，选择A。影响高耗能工业的主导因素是动力，不是交通、信息和环境。知识点：
[知识点：]
流域开发的地理条件、内容、综合治理措施"
"1567142626-2035","https://study.baidu.com/tiku","[题目]
珠江三角洲地区城市化发展的模式是(  )A小商品经营------个体私营企业-------工业化-------城市化B大城市扩散------乡镇企业发展-------工业化--------城市化C对外开放-------外资企业建立-------工业化--------城市化D沿边开放--------边贸发展-----------城市化题型: 单选题|难度: 一般|使用次数: 0|纠错复制收藏到空间加入选题篮查看答案解析答案：C解析：A模式以小商品经营推动个体经济发展的工业化特征，符合温州模式；B模式以大城市的扩展而发展乡镇企业推动工业化发展，符合江苏模式；C模式因改革开放的政策发展外资经济，而促进区域的工业区，符合珠三角模式；D模式沿边开放，边境贸易发展推动城市化，符合喀什模式。知识点：
[知识点：]
区域工业化和城市化的推进过程产生的问题及解决措施"
"1567142626-1971","https://study.baidu.com/tiku","[题目]
如果你是一个特大城市的市长，那么你在保护和改善城市环境方面拟采取的措施（    ）①建立卫星城，开发新区                ②建设立体交通道路系统③把对环境有污染的工厂全部清除出本市  ④规划建设大量高档次住宅A①③B①④C①②D②③题型: 单选题|难度: 一般|使用次数: 0|纠错复制收藏到空间加入选题篮查看答案解析答案：C解析：城市化过程中，我们应该采取措施来保护和改善城市环境。如分散大城市职能，建立卫星城，开发新区：建设卫星城，向郊区分散人口和工业，控制城市中心区的规模；建立与城市经济相适应的城市发展机制；进行合理规划，改善城市交通和居住条件：合理布局城市功能区，妥善安排各种用地的相对位置；治理城市环境，对工业企业合理布局，适当分散污染源；改善交通和住房条件；加强城市绿化建设，扩大城市绿地面积等，所以本题C正确。知识点：
[知识点：]
区域工业化和城市化的推进过程产生的问题及解决措施"
"1567142626-1941","https://study.baidu.com/tiku","[题目]
不同地物在同一光谱波段上的反射率差异越大，越容易区分。下图反映了甲、乙两类植物在生长期内两个波段上的反射率。在遥感影像上区分这两类植物，应该选择生长期内哪一天的影像最合适(　　)A①——第30天B②——第75天C③——第100天D④——第130天题型: 单选题|难度: 一般|使用次数: 0|纠错复制收藏到空间加入选题篮查看答案解析答案：A解析：应选择同一光谱波段上的反射率差异最大的时间段。知识点：
[知识点：]
遥感(RS)在资源普查、环境和灾害监测中的应用,区域可持续发展"
"1567142626-2010","https://study.baidu.com/tiku","[题目]
下列关于田纳西河及其流域开发的说法正确的是（ ）A发源于阿巴拉契亚山脉东坡B山地的生态环境直接影响环境水量和水质C河流是生态环境保护的重点D河谷平原是该流域中开发利用的主要部分题型: 单选题|难度: 一般|使用次数: 0|纠错复制收藏到空间加入选题篮查看答案解析答案：B解析：田纳西河发源于美国阿巴拉契亚山脉的西坡，A项错误；由于河流上游山区的植被具有涵养水源，保持水土的功能，故其植被分布状况直接影响河流的水量和水质，B项正确；河流流域生态环境保护的重点是流域内的植被，C项错误；田纳西河流域开发的核心是水能资源的梯级开发，故主要位于河流的上中游山地、丘陵地带，故D项错误。知识点：
[知识点：]
流域开发的地理条件、内容、综合治理措施"
"1567142626-2051","https://study.baidu.com/tiku","[题目]
流域的自然背景决定了河流的利用方式和流域的开发方向。田纳西河流域的地形、气候、水文、矿产等状况，决定其综合开发利用的方向。据此完成下列各题。1. 田纳西河流域的气候类型是（  ）A. 亚热带季风性湿润气候B. 地中海气候C. 温带海洋性气候D. 温带大陆性气候2. 田纳西河的水系、水文特征是（  ）①水系发达，支流众多②河流落差大，水力资源丰富③水量丰富，流量不稳定④矿产资源丰富A. ①②③B. ②③④C. ①②④D. ①③④3. 该流域及其开发方向的组合，正确的是（  ）A. 发源地——保护植被生态B. 河流——生态环境保护的重点C. 河谷平原—水资源的合理分配和水质保护D. 河口——矿产资源开发和港口建设题型: 综合题|难度: 简单|使用次数: 0|纠错复制收藏到空间加入选题篮查看答案解析答案：1. A2. A3. A解析：⑴田纳西河流域位于30°N-40°N大陆东部，属亚热带，夏季高温多雨，冬季温和多雨，且冬春降水量多于夏秋。属亚热带季风性湿润气候，A正确。⑵矿产资源丰富不属于水系、水文特征，因此④不符合题目要求。B、C、D选项均和④有关，故A正确，其余三项错误。⑶山地是河流的发源地，其生态环境直接影响河流的水量和水质，应保护它的植被，A正确；河谷平原是生态环境保护的重点；河流要注意水资源的合理分配和水质的保护；河口不一定是矿产资源丰富地区。故B、C、D错误。据此可知答案为：（1）A；（2）A；（3）A。知识点：
[知识点：]
流域开发的地理条件、内容、综合治理措施"
"1567142626-1996","https://study.baidu.com/tiku","[题目]
下图为三峡水库建成前后宜昌水文站多年月平均径流量图，判断三峡水库建成后通过宜昌站的水文状况是（   ）A径流季节变化减小B径流年际变化加大C年平均径流量加大D河流含沙量增加题型: 单选题|难度: 一般|使用次数: 0|纠错复制收藏到空间加入选题篮查看答案解析答案：A解析：读图可知，三峡水库建成后宜昌水文站多年月平均径流量季节变化减小,径流年际变化和年平均径流量与三峡水库建成无联系，由于三峡大坝对泥沙的拦截，河流含沙量会减少。知识点：
[知识点：]
流域开发的地理条件、内容、综合治理措施"
"1567142626-2022","https://study.baidu.com/tiku","[题目]
田纳西河两岸能够形成一条“工业走廊”主要得益于（　　）A丰富的矿产资源B旅游业的带动作用C便利的航运条件D全国最大的电力供应地题型: 单选题|难度: 一般|使用次数: 0|纠错复制收藏到空间加入选题篮查看答案解析答案：D解析：田纳西河流域以水能资源的梯级开发为核心，开发水电，并结合火电和核电的开发，提供了充足而廉价的电力供应，成为全美最大的能源供应基地。知识点：
[知识点：]
流域开发的地理条件、内容、综合治理措施"
"1567142626-1993","https://study.baidu.com/tiku","[题目]
与长江三角洲、京津唐地区相比，珠江三角洲区位条件的不足之处是（   ）①产业基础相对薄弱  ②市场腹地相对狭小  ③科技实力和人才队伍相对薄弱   ④改革开放重心北移A①③B①②③C①②③④D②③④题型: 单选题|难度: 一般|使用次数: 0|纠错复制收藏到空间加入选题篮查看答案解析答案：B解析：是要与长江三角洲、京津唐地区相比，珠江三角洲的区位不足。珠三角发展较晚，区位条件不足表现在产业基础相对薄弱;受南岭的阻隔经济腹地小;科技实力和人才队伍薄弱。知识点：
[知识点：]
区域工业化和城市化的推进过程产生的问题及解决措施"
"1567142626-2056","https://study.baidu.com/tiku","[题目]
下列关于田纳西河的叙述，正确的是（  ）①发源于落基山脉东坡                  ②发源于阿巴拉契亚山脉西坡③是密西西比河支流—俄亥俄河的支流    ④是美国水能资源最丰富的河流A①③B②③C①④D②④题型: 单选题|难度: 简单|使用次数: 0|纠错复制收藏到空间加入选题篮查看答案解析答案：B解析：田纳西河发源于阿巴拉契亚山脉西侧，①错，②对，田纳西河由南往北汇入俄亥俄河，最后汇入密西西比河，③对，密西西比河流程长，水量丰富，西部流经高山峡谷，水能丰富，是美国水能资源最丰富的河流，④错，正确选项为②③。据此可知答案为：B。知识点：
[知识点：]
流域开发的地理条件、内容、综合治理措施"
"1567142626-2053","https://study.baidu.com/tiku","[题目]
阅读图文材料，完成下列问题。钦查群岛是南美秘鲁的“鸟岛”，这里生活着近千万只海鸟，至于为何鸟类众多，有人说“鱼多鸟必众，鸟众鱼必多”。鸟群排出的粪便（优质的天然肥料）堆积如山，曾厚达50米。自1839年第一批鸟粪运往英国后，欧洲和美国在该岛的开采规模连年扩大，秘鲁也开始进入了长达40年以鸟粪出口拉动经济增长的“鸟粪时代”。至今钦查群岛每年仍会挖十万吨鸟粪，但秘鲁政府已经在岛上设立警察局以控制鸟粪的开采。1. 结合材料及所学知识，请对“鱼多鸟必众，鸟众鱼必多”作出合理解释。2. 说明钦查群岛有利于鸟粪积累的气候条件。3. 推测19世纪40年代以来鸟粪出口快速增加的原因和政府限制鸟粪开采的影响。题型: 综合题|难度: 一般|使用次数: 0|纠错复制收藏到空间加入选题篮查看答案解析答案：1. （钦查群岛附近海域）受上升补偿流影响 ，浮游生物繁盛；饵料丰富使得鱼类密集，为海鸟提供了充足的食物；上千万只海鸟的鸟粪落入海水，又为浮游生物提供营养物，间接为鱼类提供了饲料。2. 钦查群岛属于热带沙漠气候，气候干旱、终年少雨；鸟粪不易被雨水冲刷，随着时间的推移，鸟粪积累的越来越多3. 原因：（工业革命导致人口激增，粮食需求增大）海鸟粪便作为优质的天然肥料，市场需求量大；鸟粪是秘鲁最重要的出口产品，（政府把鸟粪出口作为该国最重要的财政支柱）有政府政策支持。影响：鸟粪出口规模受限，财政收入会减少；对鸟岛人为干扰减少，有利于生态环境的保护。解析：⑴钦查群岛附近海域沿岸是秘鲁寒流形成的上升流，受上升补偿流影响，浮游生物繁盛；饵料丰富使得鱼类密集，为海鸟提供了充足的食物；上千万只海鸟的鸟粪落入海水，又为浮游生物提供营养物，间接为鱼类提供了饲料，构成了复杂的食物链体系和生态系统。⑵钦查群岛鸟粪积累是缺少带走鸟粪的外力，与其气候有关；该岛属于热带沙漠气候，气候干旱、终年少雨；鸟粪不易被雨水冲刷，随着时间的推移，鸟粪积累的越来越多。⑶原因：19世纪40年代以来，工业革命导致人口激增，粮食需求增大；海鸟粪便作为优质的天然肥料，市场需求量大；鸟粪是秘鲁最重要的出口产品，为国家带来外汇，政府把鸟粪出口作为该国最重要的财政支柱；出口量大还有政府政策支持。政府限制鸟粪开采，主要从影响收入及对生态环境影响角度进行分析：鸟粪出口规模受限，财政收入会减少，进而影响国家财政收入；限制鸟粪开采，可减少对鸟岛人为干扰，有利于生态环境的保护。据此可知答案为：（1）（钦查群岛附近海域）受上升补偿流影响 ，浮游生物繁盛；饵料丰富使得鱼类密集，为海鸟提供了充足的食物；上千万只海鸟的鸟粪落入海水，又为浮游生物提供营养物，间接为鱼类提供了饲料。（2）钦查群岛属于热带沙漠气候，气候干旱、终年少雨；鸟粪不易被雨水冲刷，随着时间的推移，鸟粪积累的越来越多（3）原因：（工业革命导致人口激增，粮食需求增大）海鸟粪便作为优质的天然肥料，市场需求量大；鸟粪是秘鲁最重要的出口产品，（政府把鸟粪出口作为该国最重要的财政支柱）有政府政策支持。影响：鸟粪出口规模受限，财政收入会减少；对鸟岛人为干扰减少，有利于生态环境的保护。知识点：
[知识点：]
流域开发的地理条件、内容、综合治理措施"
"1567142626-1953","https://study.baidu.com/tiku","[题目]
北京时间2008年3月12日消息，美国宇航局网站最近公布了一张“火星勘测轨道器飞行器”拍摄的火星北极新月形沙丘的照片，沙丘上呈现出许多奇异的平滑弧形。火星北极新月形沙丘照片的获得主要是通过现代信息技术中（　　）A全球定位系统B遥感C地理信息系统D数字地球题型: 单选题|难度: 一般|使用次数: 0|纠错复制收藏到空间加入选题篮查看答案解析答案：B解析：利用卫星监测和获取地表影像资料，属于遥感的主要功能。知识点：
[知识点：]
遥感(RS)在资源普查、环境和灾害监测中的应用,区域可持续发展"
"1567142626-2052","https://study.baidu.com/tiku","[题目]
红水河，为西江上游的别称，流域内山岭连绵，地形崎岖，水力资源十分丰富，它的梯级开发已被我国政府列为国家重点开发项目。读下图，回答下列各题。1. 红水河水电梯级开发对珠江三角洲地区的主要影响有（  ）A. 促进人口的增加和城市的发展B. 提高防洪和抗旱能力C. 增加入海的水量D. 加速河口淤积2. 除水电外，红水河流域综合开发利用的方向是（  ）A. 钢铁工业B. 甘蔗种植、加工业C. 汽车工业D. 有色冶金工业题型: 综合题|难度: 一般|使用次数: 0|纠错复制收藏到空间加入选题篮查看答案解析答案：1. B2. D解析：⑴梯级开发首先需要修建水库，水库可发挥调蓄洪水功能，有利于防洪和抗旱，B正确。梯级开发对人口增加和城市发展影响不大，不能成为主要影响，A错误；梯级开发不可调节径流的季节变化，不会增加入海水量，C错误；电梯级开发后河流中泥沙减少，容易使珠江三角洲出现淤积减慢或侵蚀后退的现象，D错误。⑵该地区水能和矿产资源丰富，故适宜发展有色冶金工业。D正确。红水河流域缺少铁矿，且交通不便，不易发展钢铁工业，A错误；红水河流域经济技术欠发达，远离东部消费市场，交通不便，不利于汽车工业的发展，C错误。据此可知答案为：（1）B；（2）D。知识点：
[知识点：]
流域开发的地理条件、内容、综合治理措施"
"1567142626-1994","https://study.baidu.com/tiku","[题目]
江苏是我国城市化发展较快的省区之一，据此回答下列问题。在江苏省内，城市化水平较高的地区是（   ）A北部地区B中部地区C南部地区D北部和中部地区题型: 单选题|难度: 一般|使用次数: 0|纠错复制收藏到空间加入选题篮查看答案解析答案：C解析：在江苏省北部和中部地区经济较为落后，城市化水平较低，而南部地区，受上海等大城市的辐射带动作用，乡镇企业迅速发展，工业化水平较高，所以在江苏省内，城市化水平较高的地区是南部地区，故答案选C。知识点：
[知识点：]
区域工业化和城市化的推进过程产生的问题及解决措施"
"1567142626-1938","https://study.baidu.com/tiku","[题目]
2013年11月，吉林省松原地区发生罕见的群发性地震，为了快捷而准确监测，及时了解松原地区的受灾状况宜采用的地理信息技术是（    ）A地理信息系统B遥感技术C全球定位系统D多媒体技术题型: 单选题|难度: 一般|使用次数: 0|纠错复制收藏到空间加入选题篮查看答案解析答案：B解析：遥感技术是应用各种传感仪器对远距离目标所辐射和反射的电磁波信息，进行收集、处理，并最后成像，从而对地面各种景物进行探测和识别的一种综合技术。能快速获取受灾地区影像，通过影像的处理，可以了解受灾状况。知识点：
[知识点：]
遥感(RS)在资源普查、环境和灾害监测中的应用,区域可持续发展"
"1567142626-2004","https://study.baidu.com/tiku","[题目]
田纳西河流域是美国最大的(    )A电力能源基地B电子工业基地C汽车工业基地D宇航工业基地题型: 单选题|难度: 一般|使用次数: 0|纠错复制收藏到空间加入选题篮查看答案解析答案：A解析：田纳西河流域有丰富的煤炭资源，水力资源，经开发以后，修建了一些火电站、水电站和核电站，成为美国最大的电力能源基地。故选A。知识点：
[知识点：]
流域开发的地理条件、内容、综合治理措施"
"1567142626-1933","https://study.baidu.com/tiku","[题目]
RS技术在资源普查、环境监测、灾害预警等方面起到了重大作用．（    ）题型: 判断题|难度: 一般|使用次数: 0|纠错复制收藏到空间加入选题篮查看答案解析答案：正确解析：遥感是通过遥感器这类对电磁波敏感的仪器，在远离目标和非接触目标物体条件下探测目标地物，获取其反射、辐射或散射的电磁波信息（如电场、磁场、电磁波、地震波等信息），并进行提取、判定、加工处理、分析与应用的一门科学和技术．RS技术在资源普查、环境监测、灾害预警等方面起到了重大作用．据此可知答案为：正确．知识点：
[知识点：]
遥感(RS)在资源普查、环境和灾害监测中的应用,区域可持续发展"
"1567142626-2043","https://study.baidu.com/tiku","[题目]
读某河流域示意图，完成下列各题。1. 该河流域自然背景是（  ）A. 河流落差大，水能丰富B. 植被以草原为主C. 开发历史较长D. 热带多雨气候，雨热充沛2. 该河流域中下游人类活动最可能引起的环境问题是（  ）A. 地面沉降B. 荒漠化C. 次生盐碱化D. 海水入侵题型: 综合题|难度: 一般|使用次数: 0|纠错复制收藏到空间加入选题篮查看答案解析答案：1. B2. C解析：⑴据图可知，该地降水较少，河流的水量较小，水能不丰富，故A项错误；该地降水少，自然植被以草原为主，故B项正确，D项错误；开发历史长不是自然背景，故C项错误。⑵图示区域，中下游地区发展种植业，大水漫灌等不合理的农业生产方式会导致土壤的次生盐碱化，C正确。据此可知答案为：（1）B；（2）C。知识点：
[知识点：]
流域开发的地理条件、内容、综合治理措施"
"1567142626-1977","https://study.baidu.com/tiku","[题目]
珠江三角洲地区的城市化水平高，工业化是推动其城市化进程的主要动力。（    ）题型: 判断题|难度: 一般|使用次数: 0|纠错复制收藏到空间加入选题篮查看答案解析答案：正确解析：珠江三角洲地区对外开放的早，经济发展水平高，推动城市化水平高，工业化是推动其城市化进程的主要动力。知识点：
[知识点：]
区域工业化和城市化的推进过程产生的问题及解决措施"
"1567142626-2033","https://study.baidu.com/tiku","[题目]
关于田纳西河流域自然地理特征的叙述正确的是(    )A流域内地形起伏小，水力资源不丰富B流域内属于亚热带湿润气候，降水集中在夏秋季节C田纳西河是密西西比河的一级支流，水量丰富但不稳定D流域内矿产资源丰富，主要有煤、铁、铜等题型: 单选题|难度: 一般|使用次数: 0|纠错复制收藏到空间加入选题篮查看答案解析答案：D解析：本题考查田纳西河流域自然地理特征：A．流域内多山，地形起伏大，水力资源丰富，故A错。B．流域内属于亚热带湿润气候，降水集中在冬春季节。故B错。C．田纳西河与密西西比河无关联，方向位置不对，故C错。D．流域内矿产资源丰富，主要有煤、铁、铜、磷、锌等。D正确。知识点：
[知识点：]
流域开发的地理条件、内容、综合治理措施"
"1567142626-2028","https://study.baidu.com/tiku","[题目]
关于长江中下游平原不同时期影响经济发展的主要条件因素的叙述，正确的是（   ）A开发早期，稠密的水系成为人们交通的便利条件；黏重的土壤则使人们开垦困难B农业大发展时期，优越的自然条件，使其成为我国粮食的主要产地C稠密的水网，使耕地分散破碎，不利于农业机械化、规模化的推广，但由于水稻单产很高，使其商品率高，仍是我国最重要的商品粮基地D多水而黏重的土壤一直是限制农业发展的因素题型: 单选题|难度: 一般|使用次数: 0|纠错复制收藏到空间加入选题篮查看答案解析答案：B解析：开发早期，稠密的水系和粘重土壤都是人类农业生产的不利条件，A错误；目前，由该地区人多地少，故农业生产的商品率低，C错误。随着农业生产技术的发展，河网稠密为该地区的农业生产提供了充足的水资源和便利的水运条件，D错误。知识点：
[知识点：]
区域工业化和城市化的推进过程产生的问题及解决措施"
"1567142626-1983","https://study.baidu.com/tiku","[题目]
长江三峡工程的修建，带来的影响是（   ）A长江航运被大坝完全阻断B改善了三峡河段的航行条件C使坝址上游洪水发生机率增加D长江中游平原耕地盐碱化现象加剧题型: 单选题|难度: 一般|使用次数: 0|纠错复制收藏到空间加入选题篮查看答案解析答案：B解析：长江三峡工程的修建，改善了三峡河段的航行条件，特别是三峡水库对川江航道的改善，水库建成后，险滩淹没，水流趋缓，航道加深加宽，通航能力提高，运输成本降低，水库修建能增加库区周围降水几率，蓄水后是的地下水位上升，会加剧耕地盐碱化，故本题选B。知识点：
[知识点：]
流域开发的地理条件、内容、综合治理措施"
